property_id,listing_id,source_url,source_site,retrieved_at,address,suburb,postcode,price_aud,sold_date,sold_date_listing,date_source_disagrees,sale_method,days_since_epoch,property_type,bedrooms,bathrooms,parking,area_sqm,area_source,area_is_internal,area_multivalued,area_implausible,description,description_wordcount,features,feature_count,agency,agent,seifa_irsad_score,seifa_irsad_decile,seifa_irsd_score,seifa_irsd_decile,seifa_ieo_decile,seifa_ier_decile,suburb_urp_2021,suburb_median_house_3bed,suburb_median_unit_2bed,suburb_sales_12m
1,2021079459,https://www.domain.com.au/69-25-mantaka-street-blacktown-nsw-2148-2021079459,domain.com.au,2026-08-18T06:00:00Z,"69/25 Mantaka Street, Blacktown",Blacktown,2148,419000,2026-08-17,2026-08-17,0,Private treaty,228,Apartment,2,1,1,84.0,index,1,0,0,"A perfect start for the first home buyer or smart investor is this tidy 2-bedroom unit located on the top floor and with a private outlook. Offering two good sized bedrooms with a mirrored built-in wardrobe to the master, original open planned kitchen with dishwasher provision, air conditioned lounge/dining area leading off to a private balcony, tidy bathroom, and single lock up garage.",63,Top floor;Private outlook;Built-in wardrobe;Dishwasher provision;Air conditioned;Private balcony;Lock up garage,7,LJ Hooker Blacktown,Clair Andree-Evarts,965.0325147,4,951.6795741,2,5,2,50961,1060000,464000,805
2,2020551998,https://www.domain.com.au/36-130-main-street-blacktown-nsw-2148-2020551998,domain.com.au,2026-08-18T06:00:00Z,"36/130 Main Street, Blacktown",Blacktown,2148,443000,2026-08-17,,0,,228,Apartment,2,2,1,,none,1,0,0,"Perfectly positioned in the heart of Blacktown, this impressive two-bedroom apartment offering a contemporary lifestyle of comfort and convenience, all within a well-maintained complex. Located on the sixth floor, this home captures elevated views of the district through to Sydney's east and delivers a low-maintenance lifestyle ideal for first home buyers, downsizers, or investors alike.",55,Elevated views;Low-maintenance lifestyle;Sixth floor;Contemporary lifestyle,4,Raine&Horne St Marys / Rooty Hill,Christopher De Souza,965.0325147,4,951.6795741,2,5,2,50961,1060000,464000,805
3,2021021271,https://www.domain.com.au/41-anthony-street-blacktown-nsw-2148-2021021271,domain.com.au,2026-08-18T06:00:00Z,"41 Anthony Street, Blacktown",Blacktown,2148,910000,2026-08-17,2026-07-31,1,Private treaty,228,House,3,1,1,,none,0,0,0,"Presenting an outstanding opportunity for families, renovators, investors and developers, this original single level home. The existing residence offers three generous bedrooms, separate living and dining areas, a dedicated study and abundant outdoor space, providing immediate functionality alongside significant scope to renovate, rebuild or explore a future duplex development subject to council",52,Close to schools;Close to shops;Close to transport;Deck;Floorboards;Split-System Air Conditioning;Study,7,Richard Matthews Real Estate,Vivek Tailor,965.0325147,4,951.6795741,2,5,2,50961,1060000,464000,805
4,2020983459,https://www.domain.com.au/2-31-third-avenue-blacktown-nsw-2148-2020983459,domain.com.au,2026-08-18T06:00:00Z,"2/31 Third Avenue, Blacktown",Blacktown,2148,380000,2026-08-13,,0,,224,Apartment,1,1,1,,none,1,0,0,"Andrew Ienna is proud to present this conveniently located unit, offering an outstanding opportunity for first home buyers, downsizers, and investors seeking a low-maintenance property in the heart of Blacktown. Positioned within moments of everyday conveniences, this well-presented apartment is just a stone's throw away from Westpoint Shopping Centre, Blacktown Girls & Boys High School",55,Air conditioning;Built in wardrobes;Gas;Internal Laundry;Secure Parking;Broadband internet access;Bath;Balcony / Deck,8,Laing+Simmons Blacktown,Andrew Ienna,965.0325147,4,951.6795741,2,5,2,50961,1060000,464000,805
5,2020877255,https://www.domain.com.au/9-8-18-wallace-street-blacktown-nsw-2148-2020877255,domain.com.au,2026-08-18T06:00:00Z,"9/8-18 Wallace Street, Blacktown",Blacktown,2148,491000,2026-08-11,2026-07-01,1,Private treaty,222,Apartment,2,2,1,,none,1,0,0,"This 3-bedroom, 2-bathroom apartment is set on the lower floor of a well-maintained complex, offering a practical layout with modern updates throughout. The open-plan living and dining area connects seamlessly to a private balcony, creating a comfortable space for both everyday living and entertaining. Conveniently located within walking distance to Westpoint Shopping Centre, Blacktown Train",55,Lower floor;Open-plan living;Private balcony;Modern updates;Walking distance to Westpoint Shopping Centre;Walking distance to Blacktown Train,6,Setia Real Estate,Rajesh Setia,965.0325147,4,951.6795741,2,5,2,50961,1060000,464000,805
6,2020942686,https://www.domain.com.au/41-burrell-parade-blacktown-nsw-2148-2020942686,domain.com.au,2026-08-18T06:00:00Z,"41 Burrell Parade, Blacktown",Blacktown,2148,960000,2026-08-11,,0,Auction,222,House,3,1,2,556.0,index,0,0,0,"Fantastic First Home or Investment Opportunity on 556.4sqm Positioned in a quiet pocket of Blacktown and backing onto a peaceful reserve with no rear neighbours, this rejuvenated family home presents an outstanding opportunity for first home buyers, investors or those seeking future potential (STCA). Set on a generous 556.4sqm parcel with a wide 16.4m frontage, the home has been refreshed and prepared for sale, offering comfortable living with scope to",70,Backing onto reserve;No rear neighbours;Wide 16.4m frontage;Refreshed family home,4,Ray White (United Group),Marc Haddad,965.0325147,4,951.6795741,2,5,2,50961,1060000,464000,805
7,2020975715,https://www.domain.com.au/12-glamorgan-street-blacktown-nsw-2148-2020975715,domain.com.au,2026-08-18T06:00:00Z,"12 Glamorgan Street, Blacktown",Blacktown,2148,1030000,2026-08-11,2026-08-11,0,Private treaty,222,House,3,1,1,556.0,index,0,0,0,"Offering space, comfort and everyday convenience, this welcoming family home is set in the sought-after and family-friendly pocket of South Blacktown. Showcasing a functional floorplan with separate living, dining and family rooms, three generous bedrooms, an updated bathroom, and a spacious backyard with room to grow, this is a home designed to suit a variety of lifestyles, all within close",60,Close to schools;Close to shops;Close to transport,3,Starr Partners Blacktown,Mark Vella,965.0325147,4,951.6795741,2,5,2,50961,1060000,464000,805
8,2020979939,https://www.domain.com.au/307-11-13-clifton-street-blacktown-nsw-2148-2020979939,domain.com.au,2026-08-18T06:00:00Z,"307/11-13 Clifton Street, Blacktown",Blacktown,2148,575000,2026-08-11,,0,,222,Apartment,2,2,1,,none,1,0,0,"Spacious 2-Bedroom Apartment with Modern Finishes Throughout + 2020 Built. Situated in a modern and well-maintained complex on a quiet street, Umang and the Urbane Team are proud to present 307/11-13 Clifton Street, Blacktown. This spacious two-bedroom apartment showcases stylish finishes and a practical floor plan designed for comfortable modern living. Offering an exceptional combination of convenience, space, and comfort, it presents an outstanding opportunity for",66,Gas;Secure Parking;Dishwasher;Balcony / Deck;Built in wardrobes,5,Urbane Real Estate,Umang Pokharel,965.0325147,4,951.6795741,2,5,2,50961,1060000,464000,805
9,2020999920,https://www.domain.com.au/57-walters-road-blacktown-nsw-2148-2020999920,domain.com.au,2026-08-18T06:00:00Z,"57 Walters Road, Blacktown",Blacktown,2148,1221000,2026-08-08,,0,Auction,219,House,3,1,1,835.0,index,0,0,0,"Opportunity Knocks in South Blacktown - Must Be Sold! Located within walking distance to premier schools, shops, transport and in one of the districts best areas, rare find is this oversized three bedroom brick veneer family home boasting open plan living areas which offers warm, everyday living and leaves nothing to be desired by way of comfort and appeal! Large 835sqm block with wide 18m frontage - potential subdivision/dual occupancy (subject",71,"Brick veneer;Open plan living;Wide 18m frontage;Potential subdivision/dual occupancy;Walking distance to schools, shops, transport",5,Harcourts Unlimited Real Estate,Andrew Chrysanthou,965.0325147,4,951.6795741,2,5,2,50961,1060000,464000,805
10,2020956124,https://www.domain.com.au/59-walters-road-blacktown-nsw-2148-2020956124,domain.com.au,2026-08-18T06:00:00Z,"59 Walters Road, Blacktown",Blacktown,2148,900000,2026-08-08,2026-08-08,0,Auction,219,House,3,1,1,562.0,index,0,0,0,"Opportunity Knocks in South Blacktown - Must Be Sold! This immaculately presented three-bedroom family home sitting on a large 562.8sqm block with wide frontage is located within walking distance to premier schools, shops, transport and in one of the districts best areas. Once you enter, you feel the warmth and charm the home exudes! With an owner screaming must sell, inspection is a must! Large 562.8sqm block with wide 24.7m frontage - potential",73,Large block with wide frontage;Walking distance to schools and transport;Recently renovated;Family home,4,Harcourts Unlimited Real Estate,Andrew Chrysanthou,965.0325147,4,951.6795741,2,5,2,50961,1060000,464000,805
11,2020755835,https://www.domain.com.au/29-17-19-third-avenue-blacktown-nsw-2148-2020755835,domain.com.au,2026-08-18T06:00:00Z,"29/17-19 Third Avenue, Blacktown",Blacktown,2148,455000,2026-08-07,2026-07-20,1,Private treaty,218,Apartment,2,1,1,,none,1,0,0,"MODERN UNIT - GREAT LOCATION Sky Property are excited to present this immaculately presented neat and tidy ultra rare solid unit situated in one of Blacktowns premium locations within walking distance to Blacktown train station, schools and Westpoint Shopping Centre Inviting open plan layout with floorboards to main living areas and bedrooms Spacious east facing sun filled lounge room and dining area with a split system",66,Open plan layout;Floorboards;East facing;Split system;Walking distance to train station,5,Sky Property Blacktown,Riza Kamerakkas,965.0325147,4,951.6795741,2,5,2,50961,1060000,464000,805
12,2020802886,https://www.domain.com.au/4-313-flushcombe-road-blacktown-nsw-2148-2020802886,domain.com.au,2026-08-18T06:00:00Z,"4/313 Flushcombe Road, Blacktown",Blacktown,2148,920000,2026-08-05,2026-08-05,0,Private treaty,216,Townhouse,3,2,2,236.0,index,0,0,0,"Discover this fully renovated, beautiful three-bedroom, two-bathroom townhouse, perfectly positioned within a well-kept complex. Thoughtfully reimagined for modern family living, the home offers a refined blend of contemporary design and everyday functionality. Every detail has been carefully considered, showcasing exceptional craftsmanship alongside a fully integrated smart home system for",49,Fully renovated;Smart home system;Modern design,3,Setia Real Estate,Rajesh Setia,965.0325147,4,951.6795741,2,5,2,50961,1060000,464000,805
13,2020784714,https://www.domain.com.au/12-siebel-street-blacktown-nsw-2148-2020784714,domain.com.au,2026-08-18T06:00:00Z,"12 Siebel Street, Blacktown",Blacktown,2148,1080000,2026-08-05,2026-08-05,0,Private treaty,216,House,5,2,1,560.0,index,0,0,0,"Rental Return Approx. $1,200 Per Week, Fully Renovated House and Studio Retreat. Renovating this home from top to bottom has transformed it into a beautiful family haven. The teenage retreat/studio was invaluable for our extended family, and the wonderful neighbors have made living here a joy. I'm confident that whoever buys it will love it as much as we did. Bedrooms: Five bedrooms in total, including a separate studio that offers flexibility as a guest suite or",77,Air conditioning;Fully fenced,2,Ausrealty - Hills District,Ismail Ates,965.0325147,4,951.6795741,2,5,2,50961,1060000,464000,805
14,2021046479,https://www.domain.com.au/59-lancaster-street-blacktown-nsw-2148-2021046479,domain.com.au,2026-08-18T06:00:00Z,"59 Lancaster Street, Blacktown",Blacktown,2148,900000,2026-07-31,2026-07-31,0,Private treaty,211,House,3,2,3,600.0,index,0,0,0,"Positioned on a prominent corner block, this 3 bedroom residence presents an outstanding opportunity for first home buyers, renovators, investors, or a work from home business owner seeking exceptional exposure (STCA). Designed for comfortable everyday living, this home features a unique split level floor plan with an updated kitchen overlooking the spacious combined living and dining area with",58,Corner position;Split level floor plan;Updated kitchen;Combined living and dining area;Prominent corner block;Outstanding exposure,6,LJ Hooker Blacktown,Matthew Lucas,965.0325147,4,951.6795741,2,5,2,50961,1060000,464000,805
15,2020916590,https://www.domain.com.au/53-53a-pelleas-street-blacktown-nsw-2148-2020916590,domain.com.au,2026-08-18T06:00:00Z,"53 - 53A Pelleas Street, Blacktown",Blacktown,2148,1700000,2026-07-29,2026-07-29,0,Auction,209,House,7,4,2,584.0,index,0,0,0,A Rare Corner Position. Fully Renovated. Dual Living Perfection. Presented to the market by your leading agency Sky Property is this stunning double-storey residence which has been fully renovated from top to bottom. Sitting on a generous 584sqm corner block in one of South Blacktown's most coveted pockets - an address that commands attention before you even step inside. No expense has been spared in transforming this already solid and well-loved home into a,74,Corner position;Fully renovated;Dual living;Double-storey;Generous block,5,Sky Property Blacktown,Riza Kamerakkas,965.0325147,4,951.6795741,2,5,2,50961,1060000,464000,805
16,2020795474,https://www.domain.com.au/9-nicholas-street-blacktown-nsw-2148-2020795474,domain.com.au,2026-08-18T06:00:00Z,"9 Nicholas Street, Blacktown",Blacktown,2148,1200000,2026-07-28,,0,,208,House,5,2,1,550.0,index,0,0,0,"Set on a generous 550m2 block in a well-established pocket of Blacktown, this much-loved family home at 9 Nicholas Street is being offered for the first time in over 60 years. Proudly held by its original owners, the property presents a rare opportunity to secure a solid, character-filled residence with endless potential. The interiors reflect its original charm, with spacious living areas and",63,Close to transport;Close to shops;Close to schools;Car Parking - Surface;Carpeted;Toilet Facilities;Dishwasher;Living areas;Outdoor entertainment;Rumpus Room;Secure Parking,11,Starr Partners Blacktown,Daniel Formosa,965.0325147,4,951.6795741,2,5,2,50961,1060000,464000,805
17,2021012624,https://www.domain.com.au/3-bridge-view-street-blacktown-nsw-2148-2021012624,domain.com.au,2026-08-18T06:00:00Z,"3 Bridge View Street, Blacktown",Blacktown,2148,1200000,2026-07-27,2026-07-27,0,Private treaty,207,House,5,2,2,803.0,index,0,0,0,"800m2+ 5 BEDROOMS Andrew Ienna is proud to present this expansive family residence, positioned on the high side of one of South Blacktown's most tightly held streets, offering an exceptional opportunity for families seeking space, versatility, and long-term potential. Set on a generous 803sqm parcel of land, this impressive home provides a flexible floorplan with multiple living zones, seamless indoor-outdoor",60,Air conditioning;Internal Laundry,2,Laing+Simmons Blacktown,Andrew Ienna,965.0325147,4,951.6795741,2,5,2,50961,1060000,464000,805
18,2020986603,https://www.domain.com.au/25-virginia-street-blacktown-nsw-2148-2020986603,domain.com.au,2026-08-18T06:00:00Z,"25 Virginia Street, Blacktown",Blacktown,2148,1120000,2026-07-26,,0,Auction,206,House,4,1,3,562.8,listing,0,0,0,"GUIDE $900,000 - AUCTION 26TH OF JULY 10AM Inviting Family Home with Expansive Outdoor Living and Multiple Parking Designed for modern family living with a warm and welcoming atmosphere, this spacious single level residence offers multiple living zones, generous outdoor entertaining and an expansive child friendly backyard. Showcasing stylish interiors, a versatile floorplan and exceptional parking with a garage and double carport, it presents an outstanding opportunity for families seeking comfort and",72,Built in wardrobes;Close to schools;Close to shops;Close to transport;Courtyard;Deck;Floorboards;Split-System Air Conditioning,8,Richard Matthews Real Estate,Eddie (Ediz) Elgun,965.0325147,4,951.6795741,2,5,2,50961,1060000,464000,805
19,2020953723,https://www.domain.com.au/42-william-street-blacktown-nsw-2148-2020953723,domain.com.au,2026-08-18T06:00:00Z,"42 William Street, Blacktown",Blacktown,2148,1010000,2026-07-25,2026-07-27,1,Auction,205,House,3,1,3,556.0,index,0,0,0,"Character Meets Opportunity Full of endless character and charismatic charm, this abode is the perfect canvas for a fresh start, making it appealing across a wide range of lifestyles and complemented by a great feature list that enhances its functionality. The interior boasts three unique styled bedrooms and a cozy layout connecting the living space and dining room, which allows any incoming buyer to add a personal touch and",69,Air conditioning;Floorboards;Built in wardrobes;Pets Allowed;Bath;Heating;Dishwasher;Study;Shed;Balcony / Deck,10,Ray White Baulkham Hills,Ravi Pandey,965.0325147,4,951.6795741,2,5,2,50961,1060000,464000,805
20,2020957142,https://www.domain.com.au/25-dagmar-crescent-blacktown-nsw-2148-2020957142,domain.com.au,2026-08-18T06:00:00Z,"25 Dagmar Crescent, Blacktown",Blacktown,2148,992500,2026-07-25,2026-07-25,0,Auction,205,House,4,2,1,600.0,index,0,0,0,"Charming Full Brick Residence backing onto a Reserve. Proudly presenting 25 Dagmar Crescent, Blacktown, an immaculately maintained single level residence offering comfort, convenience and exceptional lifestyle appeal on a generous 600sqm approx. parcel of land. Perfectly suited to first home buyers, young families",43,Full brick;Single level;Backing onto reserve,3,Ray White Castle Hill,Matthew Langdon,965.0325147,4,951.6795741,2,5,2,50961,1060000,464000,805
21,2020963981,https://www.domain.com.au/46-26-mantaka-street-blacktown-nsw-2148-2020963981,domain.com.au,2026-08-18T06:00:00Z,"46/26 Mantaka Street, Blacktown",Blacktown,2148,422500,2026-07-24,,0,,204,Apartment,2,1,1,83.0,index,1,0,0,"Perfectly combining comfort, convenience, and low-maintenance living, this well-presented two-bedroom apartment is an ideal opportunity for first home buyers, investors or those looking to downsize. Conveniently located within easy reach of shops, cafes, restaurants, public transport, schools and local parks, this apartment offers an outstanding lifestyle opportunity in a sought-after location",51,Close to schools;Close to shops;Close to transport,3,Starr Partners Blacktown,Mark Vella,965.0325147,4,951.6795741,2,5,2,50961,1060000,464000,805
22,2020956656,https://www.domain.com.au/3-kingsford-street-blacktown-nsw-2148-2020956656,domain.com.au,2026-08-18T06:00:00Z,"3 Kingsford Street, Blacktown",Blacktown,2148,1050000,2026-07-23,2026-07-23,0,Private treaty,203,House,3,2,1,,none,0,0,0,"Versatile Family Home with Detached Teenagers' Retreat & Expansive Backyard. Set on a generous parcel in a quiet, established pocket of Blacktown, this well-maintained residence delivers space, flexibility and future potential-perfect for growing families, investors or those needing additional living options. Behind its charming street presence, the home reveals a practical layout with light-filled interiors, multiple living zones and a seamless connection to the outdoors.",65,Air conditioning;Built in wardrobes;Close to schools;Close to shops;Close to transport;Deck,6,Manor Real Estate,Taylor Bredin,965.0325147,4,951.6795741,2,5,2,50961,1060000,464000,805
23,2020979423,https://www.domain.com.au/2404-1-boys-avenue-blacktown-nsw-2148-2020979423,domain.com.au,2026-08-18T06:00:00Z,"2404/1 Boys Avenue, Blacktown",Blacktown,2148,570000,2026-07-22,2026-07-22,0,Private treaty,202,Apartment,2,2,1,101.0,index,1,0,0,"Experience the pinnacle of contemporary apartment living in the sought-after Altitude Tower, perfectly positioned in the heart of Blacktown. Just a 4 minute stroll from Blacktown Train Station and Westpoint Shopping Centre, this premium residence combines luxury, convenience and breathtaking outlooks. Occupying a prized top-floor position, apartment 2404 showcases uninterrupted panoramic views",52,Top-floor position;Panoramic views;Near Blacktown Train Station;Near Westpoint Shopping Centre;Altitude Tower,5,Ray White (United Group),Nick Bardon,965.0325147,4,951.6795741,2,5,2,50961,1060000,464000,805
24,2020933655,https://www.domain.com.au/8-prospect-street-blacktown-nsw-2148-2020933655,domain.com.au,2026-08-18T06:00:00Z,"8 Prospect Street, Blacktown",Blacktown,2148,1050000,2026-07-21,2026-07-21,0,Private treaty,201,House,3,1,1,556.0,index,0,0,0,"Positioned in a highly convenient and well-connected pocket of Blacktown, this tidy family home delivers space, versatility and outstanding future potential. Set on a spacious 556.4sqm block, the residence reveals a practical and family-focused layout designed for everyday living, with three generous bedrooms, and versatile lounge, dining and entertaining zones. Whether you're a growing family",55,Air conditioning;Close to schools;Close to shops;Close to transport,4,Starr Partners Blacktown,Mark Vella,965.0325147,4,951.6795741,2,5,2,50961,1060000,464000,805
25,2020866176,https://www.domain.com.au/94-reservoir-road-blacktown-nsw-2148-2020866176,domain.com.au,2026-08-18T06:00:00Z,"94 Reservoir Road, Blacktown",Blacktown,2148,1000000,2026-07-19,2026-07-15,1,Private treaty,199,House,3,2,2,593.0,index,0,0,0,"Positioned for everyday convenience and offering a functional single level layout, this well maintained residence presents an outstanding opportunity for the growing family. Showcasing a bright and expansive living zone, updated kitchen and a large backyard complete with pool and entertaining potential, the home combines comfort with practicality in a location just moments from Blacktown's key",56,Built in wardrobes;Close to schools;Close to shops;Close to transport;Courtyard;Deck;Split-System Air Conditioning,7,Richard Matthews Real Estate,Eddie (Ediz) Elgun,965.0325147,4,951.6795741,2,5,2,50961,1060000,464000,805
26,2021011301,https://www.domain.com.au/4-starr-place-blacktown-nsw-2148-2021011301,domain.com.au,2026-08-18T06:00:00Z,"4 Starr Place, Blacktown",Blacktown,2148,1200000,2026-07-18,2026-07-18,0,Private treaty,198,House,3,1,2,702.0,listing,0,0,0,"Perfectly positioned in a peaceful cul-de-sac and set on an impressive approximately 702sqm parcel of land, this beautifully maintained family residence delivers the ideal combination of space, comfort, convenience and future potential. Offering a versatile floorplan with multiple indoor and outdoor living areas, this outstanding home is perfectly suited for growing families, savvy investors or",55,Cul-de-sac location;Multiple living areas;Future potential,3,Ray White Blacktown City,Niman Kayastha,965.0325147,4,951.6795741,2,5,2,50961,1060000,464000,805
27,2020872650,https://www.domain.com.au/19-valda-street-blacktown-nsw-2148-2020872650,domain.com.au,2026-08-18T06:00:00Z,"19 Valda Street, Blacktown",Blacktown,2148,925000,2026-07-18,2026-06-29,1,Private treaty,198,House,3,1,2,550.0,index,0,0,0,"Positioned on a quiet family-friendly corner block in a convenient Blacktown pocket, this beautifully updated residence presents an exceptional opportunity for first home buyers, young families and investors alike. Showcasing refreshed interiors, a practical single level layout and seamless indoor/outdoor flow, the",42,Built in wardrobes;Close to schools;Close to shops;Close to transport;Floorboards;Fully fenced;Secure Parking;Split-System Air Conditioning,8,Richard Matthews Real Estate,,965.0325147,4,951.6795741,2,5,2,50961,1060000,464000,805
28,2021006298,https://www.domain.com.au/202-3-balmoral-street-blacktown-nsw-2148-2021006298,domain.com.au,2026-08-18T06:00:00Z,"202/3 Balmoral Street, Blacktown",Blacktown,2148,600000,2026-07-18,2026-07-18,0,Private treaty,198,House,2,2,1,,none,0,0,0,"COMPLEX RECORD by VARUN SOLD OFF MARKET by FASTEST GROWING AGENT $0 MARKETING COST DKB Real Estate, its directors, contractors, employees and related entities believe that the information contained herein is gathered from sources we deem to be reliable. However, no representation or warranties of any nature whatsoever are given, intended or implied. Any interested parties should rely on their own inquiries.",62,,0,DKB Real Estate,Varun Sharma,965.0325147,4,951.6795741,2,5,2,50961,1060000,464000,805
29,2021006299,https://www.domain.com.au/1-25-27-fourth-avenue-blacktown-nsw-2148-2021006299,domain.com.au,2026-08-18T06:00:00Z,"1/25-27 Fourth Avenue, Blacktown",Blacktown,2148,463000,2026-07-18,2026-07-18,0,Private treaty,198,Apartment,2,1,1,,none,1,0,0,"DKB Real Estate proudly presents this well maintained 2-bedroom apartment, perfectly positioned in the heart of Blacktown. Conveniently located within walking distance to Blacktown railway station, this property offers the ideal opportunity for first home buyers, downsizers, and savvy investors seeking comfort, convenience, and lifestyle. Property Features: Bright open",49,Walking distance to Blacktown railway station;Well maintained;Bright open plan;Ideal for first home buyers,4,DKB Real Estate,Varun Sharma,965.0325147,4,951.6795741,2,5,2,50961,1060000,464000,805
30,2020866983,https://www.domain.com.au/2-cooper-street-blacktown-nsw-2148-2020866983,domain.com.au,2026-08-18T06:00:00Z,"2 Cooper Street, Blacktown",Blacktown,2148,999999,2026-07-17,2026-07-17,0,Private treaty,197,House,3,1,1,556.0,index,0,0,0,"Positioned in a convenient Blacktown location, this well-kept residence presents an outstanding opportunity for first home buyers, investors, or families seeking space and versatility. Offering a practical layout with multiple indoor and outdoor living zones, the home combines comfort, functionality and future potential in one appealing package. Step inside to discover a welcoming lounge area",55,Spacious family home;versatile indoor and outdoor living;convenient location near Blacktown CBD;practical layout;multiple living zones,5,Ray White (United Group),Marc Haddad,965.0325147,4,951.6795741,2,5,2,50961,1060000,464000,805
31,2020963966,https://www.domain.com.au/19-17-21-bruce-street-blacktown-nsw-2148-2020963966,domain.com.au,2026-08-18T06:00:00Z,"19/17-21 Bruce Street, Blacktown",Blacktown,2148,450000,2026-07-17,2026-07-17,0,Private treaty,197,Apartment,2,2,1,124.0,index,1,0,0,"Combining exceptional space with an unbeatable location, this oversized apartment presents an outstanding opportunity for first-home buyers and investors seeking low-maintenance living without compromise. One of the largest units within the ""Pinnacle Apartments"" complex, its generous floorplan offers an abundance of living space rarely found in apartment living. Perfectly positioned just moments",52,Air conditioning;Close to schools;Close to shops;Close to transport,4,Starr Partners Blacktown,Jodie Feeney,965.0325147,4,951.6795741,2,5,2,50961,1060000,464000,805
32,2020820776,https://www.domain.com.au/2-sparkle-avenue-blacktown-nsw-2148-2020820776,domain.com.au,2026-08-18T06:00:00Z,"2 Sparkle Avenue, Blacktown",Blacktown,2148,1100000,2026-07-17,2026-07-17,0,Private treaty,197,House,3,2,3,556.0,index,0,0,0,"Recently renovated throughout and well-maintained, this inviting residence offers a practical layout tailored for comfortable family living. With a functional design, the home is enhanced by three great sized bedrooms, a spacious brand new kitchen, a dedicated study and seamless open plan living area. With drive-through access and a peaceful backyard setting, this is a well-rounded opportunity in",58,Study,1,McGrath Blacktown,Monique Layoun,965.0325147,4,951.6795741,2,5,2,50961,1060000,464000,805
33,2020934642,https://www.domain.com.au/28-cavendish-avenue-blacktown-nsw-2148-2020934642,domain.com.au,2026-08-18T06:00:00Z,"28 Cavendish Avenue, Blacktown",Blacktown,2148,1110000,2026-07-17,2026-07-17,0,Private treaty,197,House,3,2,3,556.0,index,0,0,0,"A property that has been tastefully renovated and would suit a large family positioned in one of Blacktown's most peaceful, tree lined avenues, this exceptional home delivers space, quality, and lifestyle in equal measure. Designed to maximise natural light and",40,Gas;Solar panels;Balcony;Courtyard;Deck;Fully fenced;Outdoor Entertainment Area;Secure Parking;Shed;Broadband Internet Available;Built in wardrobes;Dishwasher;Floorboards;Air conditioning;Split-System Air Conditioning;Ensuite,16,Marshan Realestate,Robert Thomson,965.0325147,4,951.6795741,2,5,2,50961,1060000,464000,805
34,2020918997,https://www.domain.com.au/35-17-bruce-street-blacktown-nsw-2148-2020918997,domain.com.au,2026-08-18T06:00:00Z,"35/17 Bruce Street, Blacktown",Blacktown,2148,441500,2026-07-16,2026-07-16,0,Private treaty,196,Apartment,2,2,1,,none,1,0,0,"TOP FLOOR SUN SOAKED DETACHED UNIT WITH LIFT AND STORAGE Set in a well-maintained complex, this stylish top floor 2-bedroom with two balconies, 2-bathroom apartment delivers the perfect balance of comfort, convenience, and low-maintenance living in the heart of Blacktown. Designed for effortless indoor-outdoor living, both spacious bedrooms feature mirrored built-in wardrobes and enjoy direct access to the bal",59,Gas;Balcony / Deck;Air conditioning;Alarm System;Built in wardrobes;Car Parking - Basement;Close to schools;Close to shops;Close to transport;Ensuite;Exhaust,11,Andrew Merton Real Estate,Praveen Sethi,965.0325147,4,951.6795741,2,5,2,50961,1060000,464000,805
35,2020936590,https://www.domain.com.au/52-7-griffiths-street-blacktown-nsw-2148-2020936590,domain.com.au,2026-08-18T06:00:00Z,"52/7 Griffiths Street, Blacktown",Blacktown,2148,410000,2026-07-16,2026-07-16,0,Private treaty,196,Apartment,2,1,1,,none,1,0,0,"Umang and Team Urbane Real Estate presents this modern 2-bedroom, 1-bathroom apartment with 1 car space at 52/7 Griffiths Street, Blacktown. This low-maintenance home offers bright open-plan living and dining, a sleek modern kitchen with ample storage, a spacious bedroom, and a well-appointed bathroom. Enjoy your own private balcony, flooded with natural light throughout. Perfect for comfortable",57,Balcony;Floorboards;Air conditioning,3,Urbane Real Estate,Umang Pokharel,965.0325147,4,951.6795741,2,5,2,50961,1060000,464000,805
36,2020852889,https://www.domain.com.au/43-stewart-avenue-blacktown-nsw-2148-2020852889,domain.com.au,2026-08-18T06:00:00Z,"43 Stewart Avenue, Blacktown",Blacktown,2148,1305000,2026-07-16,2026-07-16,0,Private treaty,196,House,4,3,2,696.0,index,0,0,0,"Perfectly positioned in a convenient Blacktown location, this versatile property offers an outstanding opportunity for large families, investors, or buyers seeking additional accommodation potential. Set on an expansive approx. 695.6sqm parcel of land, the home combines multiple living zones, flexible spaces, and excellent outdoor entertaining. Designed with practicality in mind, the main",52,Spacious family living;multiple living zones;flexible spaces;excellent outdoor entertaining,4,Ray White (United Group),Marc Haddad,965.0325147,4,951.6795741,2,5,2,50961,1060000,464000,805
37,2021065971,https://www.domain.com.au/901-5-second-avenue-blacktown-nsw-2148-2021065971,domain.com.au,2026-08-18T06:00:00Z,"901/5 Second Avenue, Blacktown",Blacktown,2148,440000,2026-07-15,2026-06-27,1,Private treaty,195,Apartment,2,2,1,111.0,index,1,0,0,"Presented by Ray White Blacktown, this modern and well-designed 2-bedroom, 2-bathroom apartment with a secure car space and additional storage offers the perfect combination of comfort, convenience, and lifestyle. Ideally located just moments from Blacktown Station, Westpoint Shopping Centre, quality schools, shops, and all essential amenities, this property is perfectly suited for first home",54,Secure car space;Additional storage;Modern design;Well-designed;Close to Blacktown Station;Near Westpoint Shopping Centre,6,Ray White Blacktown City,Sanjay Saki,965.0325147,4,951.6795741,2,5,2,50961,1060000,464000,805
38,2020915506,https://www.domain.com.au/39-31-third-avenue-blacktown-nsw-2148-2020915506,domain.com.au,2026-08-18T06:00:00Z,"39/31 Third Avenue, Blacktown",Blacktown,2148,420000,2026-07-15,,0,,195,Apartment,2,2,1,97.0,index,1,0,0,"Light-Filled Apartment in a Highly Convenient Location Perfect for the savvy investor or first home buyer, this well-appointed freshly painted apartment offers a functional open plan layout designed for effortless modern living. Positioned in a highly convenient location just moments from Westpoint Shopping Centre and Blacktown Station, it delivers lifestyle ease with every amenity within walking distance. Two well-proportioned bedrooms with built",62,Light-filled;Open plan;Freshly painted;Near shopping;Near transport,5,McGrath Blacktown,Monique Layoun,965.0325147,4,951.6795741,2,5,2,50961,1060000,464000,805
39,2020870538,https://www.domain.com.au/509-8b-allawah-street-blacktown-nsw-2148-2020870538,domain.com.au,2026-08-18T06:00:00Z,"509/8B Allawah Street, Blacktown",Blacktown,2148,760000,2026-07-15,2026-07-15,0,Private treaty,195,Apartment,3,2,2,,none,1,0,0,"A Rare Opportunity Offering the Complete Package! Experience the perfect blend of style, space and convenience in this modern 3-bedroom, 2-bathroom top floor apartment located in the heart of vibrant Blacktown. This beautifully presented residence offers an exceptional opportunity for first home buyers, downsizers or savvy investors seeking contemporary living in a prime location. High Points - 3 spacious bedrooms with built-in wardrobes, and",64,Top floor;Built-in wardrobes;Modern;Prime location,4,Luxe Property Agents,Moustafa El Dannawe,965.0325147,4,951.6795741,2,5,2,50961,1060000,464000,805
40,2020998505,https://www.domain.com.au/803-5-second-avenue-blacktown-nsw-2148-2020998505,domain.com.au,2026-08-18T06:00:00Z,"803/5 Second Avenue, Blacktown",Blacktown,2148,590000,2026-07-15,2026-07-15,0,Private treaty,195,Apartment,3,2,2,,none,1,0,0,"Welcome to 803/5 Second Avenue, Blacktown - a modern, high-level apartment offering the perfect blend of comfort, convenience, and lifestyle. Positioned on the 8th floor, this beautifully presented residence boasts stunning district views, abundant natural light, and a thoughtfully designed layout ideal for both homeowners and investors. Property Features: Spacious bedrooms with built-in",53,8th floor;district views;built-in wardrobes;modern,4,Ray White Blacktown City,Niman Kayastha,965.0325147,4,951.6795741,2,5,2,50961,1060000,464000,805
41,2020924205,https://www.domain.com.au/3-36-lloyd-street-blacktown-nsw-2148-2020924205,domain.com.au,2026-08-18T06:00:00Z,"3/36 Lloyd Street, Blacktown",Blacktown,2148,865000,2026-07-15,2026-07-15,0,Private treaty,195,Villa,3,2,2,217.0,index,0,0,0,"Positioned in a quiet and well-maintained complex, this neatly presented single-level residence offers comfort, practicality, and an easy-care lifestyle ideal for growing families, first-home buyers, downsizers, or savvy investors alike. Thoughtfully designed with a functional floorplan, the home features a spacious living area upon entry, flowing seamlessly through to the well-appointed kitchen",52,Single-level;Double garage;Low-maintenance yard;Well-appointed kitchen;Spacious living area,5,Ray White (United Group),Marc Haddad,965.0325147,4,951.6795741,2,5,2,50961,1060000,464000,805
42,2020886069,https://www.domain.com.au/20-alam-street-blacktown-nsw-2148-2020886069,domain.com.au,2026-08-18T06:00:00Z,"20 Alam Street, Blacktown",Blacktown,2148,1065000,2026-07-14,,0,,194,House,3,2,2,638.0,index,0,0,0,"Spacious Family Home with Detached Retreat & Endless Potential Positioned on a uniquely shaped parcel in a peaceful Blacktown pocket, this versatile residence offers an outstanding opportunity for families, first home buyers and investors seeking space, flexibility and future potential. Thoughtfully designed with multiple living areas and a detached retreat, the home caters perfectly to growing families, teenagers working from home, or those needing",64,Detached retreat;Multiple living areas;Uniquely shaped parcel,3,Ray White (United Group),Marc Haddad,965.0325147,4,951.6795741,2,5,2,50961,1060000,464000,805
43,2020909302,https://www.domain.com.au/30-wye-street-blacktown-nsw-2148-2020909302,domain.com.au,2026-08-18T06:00:00Z,"30 Wye Street, Blacktown",Blacktown,2148,1301000,2026-07-11,2026-07-11,0,Auction,191,House,3,2,2,573.0,index,0,0,0,"Spacious Family Home with Multiple Living Areas Set on a generous 573.5m2 block, this well-maintained single-level home offers comfortable and versatile living for the whole family. Ideally positioned in a convenient Blacktown location, this home is within easy reach of local schools, shopping centres, public transport and parklands, making it an excellent choice for families seeking both comfort and convenience.",60,Single-level;Multiple living areas;Well-maintained;Convenient location;Near schools;Near shopping;Near transport;Near parklands,8,Century 21 Davelis & Co,Stavros Davelis,965.0325147,4,951.6795741,2,5,2,50961,1060000,464000,805
44,2020926404,https://www.domain.com.au/9-kauri-street-blacktown-nsw-2148-2020926404,domain.com.au,2026-08-18T06:00:00Z,"9 Kauri Street, Blacktown",Blacktown,2148,1155000,2026-07-11,2026-07-11,0,Auction,191,House,6,3,1,626.0,index,0,0,0,"Calling all Astute Investors and Large or Growing Families! Standing tall and proud on the high side of the street and located within walking distance to premier schools, shops, transport and in one of the districts best areas, rare find is this oversized three-bedroom brick veneer family home with open plan living areas boasting a three-bedroom self-contained retreat which offers warm, everyday living and leaves nothing to be desired by way of comfort and",74,Brick veneer;Self-contained retreat;Open plan living;High side of street;Walking distance to schools and transport,5,Harcourts Unlimited Real Estate,Andrew Chrysanthou,965.0325147,4,951.6795741,2,5,2,50961,1060000,464000,805
45,2020888289,https://www.domain.com.au/3-67-orwell-street-blacktown-nsw-2148-2020888289,domain.com.au,2026-08-18T06:00:00Z,"3/67 Orwell Street, Blacktown",Blacktown,2148,840000,2026-07-10,2026-07-10,0,Private treaty,190,Townhouse,3,2,1,203.0,index,0,0,0,"Beautiful Street-Facing Townhouse Perfectly positioned in a highly sought-after location, this stylish street-front townhouse presents an outstanding opportunity for first-home buyers seeking a low-maintenance lifestyle. Immaculately maintained and beautifully presented throughout, the home combines modern comforts with exceptional convenience, just moments from local shops, quality schooling, public transport, and major arterial",51,Street-facing;Low-maintenance;Immaculately maintained;Modern comforts,4,Starr Partners Blacktown,Mark Vella,965.0325147,4,951.6795741,2,5,2,50961,1060000,464000,805
46,2020846319,https://www.domain.com.au/217-vardys-road-blacktown-nsw-2148-2020846319,domain.com.au,2026-08-18T06:00:00Z,"217 Vardys Road, Blacktown",Blacktown,2148,1170000,2026-07-09,2026-07-09,0,Private treaty,189,House,3,1,3,822.0,index,0,0,0,"Sitting on a generous, level and established serving of premium Blacktown real estate, close to schools, shops and transport, and set well back from the road, it's a great investment for your family and for the future. It has everything to make the everyday living convenient for the busy family, and a lovely pool area and open paved space for entertaining - and it has plenty of possibilities for",69,Pool;Paved entertaining area;Level lot;Established gardens,4,Agius Property Group,Alistair Agius,965.0325147,4,951.6795741,2,5,2,50961,1060000,464000,805
47,2020843181,https://www.domain.com.au/47-10-wallace-street-blacktown-nsw-2148-2020843181,domain.com.au,2026-08-18T06:00:00Z,"47/10 Wallace Street, Blacktown",Blacktown,2148,465000,2026-07-09,2026-07-09,0,Private treaty,189,Apartment,2,2,1,128.0,index,1,0,0,"This modern 2-bedroom, 2-bathroom and 1-car space apartment is positioned on the top floor in the heart of Blacktown, offering a perfect blend of comfort, style, and convenience. Designed for easy living, the apartment features spacious interiors, an open-plan layout, and a dedicated car space with additional storage for added practicality. Conveniently located within walking distance to",57,Top floor;Open-plan layout;Modern;Spacious interiors;Dedicated car space;Additional storage,6,Setia Real Estate,Rajesh Setia,965.0325147,4,951.6795741,2,5,2,50961,1060000,464000,805
48,2020982512,https://www.domain.com.au/33-25-mantaka-street-blacktown-nsw-2148-2020982512,domain.com.au,2026-08-18T06:00:00Z,"33/25 Mantaka Street, Blacktown",Blacktown,2148,425000,2026-07-08,2026-07-08,0,Private treaty,188,Apartment,2,1,1,,none,1,0,0,"Affordable 2 Bedroom Full Brick Unit! Opposite Blacktown Hospital & Walk To Station, Shops & CBD! This neat 2 bedroom full brick unit is conveniently located nearby to Blacktown Hospital and only a short walk to schools, shops, station and Blacktown CBD. Featuring open plan living and dining area, 2 good size bedrooms, original kitchen & bathroom, balcony and a single lock up garage. This top floor unit is the ideal start for the 1st time buyer wanting to purchase under the FREE stamp duty",85,Full brick;Top floor;Balcony;Lock up garage;Near hospital;Walk to station and shops;Open plan living,7,LJ Hooker Blacktown,Matthew Lucas,965.0325147,4,951.6795741,2,5,2,50961,1060000,464000,805
49,2020908868,https://www.domain.com.au/505-1-oxford-street-blacktown-nsw-2148-2020908868,domain.com.au,2026-08-18T06:00:00Z,"505/1 Oxford Street, Blacktown",Blacktown,2148,620000,2026-07-08,2026-06-11,1,Private treaty,188,Apartment,2,2,1,97.0,listing,1,0,0,"Premium North-Facing Apartment with Exceptional Natural Light. Access via Oxford Street, near the corner of Oxford Street and Gordon Street. Property Size: Total Area: 97 sqm Internal: 82 sqm, Car Space: 13 sqm, Storage Cage: 1 sqm Outgoings (Approx.) Council Rates: $296 P/Q, Strata Levies: $1,118 P",47,Air conditioning;Ensuite;City Views;Double glazed windows;Energy efficient appliances;Water efficient appliances;Wall / ceiling insulation;Water efficient fixtures;Intercom;Built in wardrobes;Internal Laundry;Pets Allowed;Broadband internet access;Dishwasher;Study;Secure Parking;Fully fenced;Balcony / Deck;Garden / Courtyard,19,Melrose Park Realty,Harry Park,965.0325147,4,951.6795741,2,5,2,50961,1060000,464000,805
50,2020928521,https://www.domain.com.au/30-flyer-glade-blacktown-nsw-2148-2020928521,domain.com.au,2026-08-18T06:00:00Z,"30 Flyer Glade, Blacktown",Blacktown,2148,880000,2026-07-07,2026-07-07,0,Private treaty,187,House,2,2,1,,none,0,0,0,"Stylish, Low-Maintenance Living in One of Blacktown's Most Sought-After Communities Nestled within the award-winning Fairwater Estate, this beautifully presented residence offers the perfect blend of contemporary style, everyday convenience, and effortless living. Whether you're a first-home buyer looking to enter the market, a downsizer seeking simplicity, or an investor searching for high",52,Air conditioning;Built in wardrobes;Dishwasher;Gas Stove;Intercom;Secure Parking;Separate Laundry;Study;Alarm System;Shed,10,Sweet Realty,Paul (Seongwon) Kim,965.0325147,4,951.6795741,2,5,2,50961,1060000,464000,805
51,2020686912,https://www.domain.com.au/74-bungarribee-road-blacktown-nsw-2148-2020686912,domain.com.au,2026-08-18T06:00:00Z,"74 Bungarribee Road, Blacktown",Blacktown,2148,901000,2026-07-05,2026-07-05,0,Private treaty,185,House,3,1,3,569.0,index,0,0,0,"Andrew Ienna presents this neat 3 bedroom home sitting in a central location and a nice block of 569m2. The home is currently tenanted, has been renovated and would make a great place to live or a sound investment opportunity. MINUTES WALK TO BLACKTOWN STATION WESTPOINT SHOPPING CENTRE BLACKTOWN HOSPITAL. Currently tenanted to a tenant at $575 per week to a tenant that just moved",65,Air conditioning,1,Laing+Simmons Blacktown,Andrew Ienna,965.0325147,4,951.6795741,2,5,2,50961,1060000,464000,805
52,2020865285,https://www.domain.com.au/27-27a-bimbil-street-blacktown-nsw-2148-2020865285,domain.com.au,2026-08-18T06:00:00Z,"27 & 27A Bimbil Street, Blacktown",Blacktown,2148,1310000,2026-07-05,2026-07-05,0,Private treaty,185,House,5,2,2,,none,0,0,0,"Positioned within a highly convenient Blacktown pocket and offering exceptional versatility, this rare house and granny flat opportunity presents outstanding appeal for investors, extended families or buyers seeking dual income potential. Occupying a generous parcel with private separation between residences, the property combines modern updates, practical family living and excellent proximity to",52,Close to schools;Close to shops;Close to transport;Floorboards;Fully fenced;Secure Parking;Security Access,7,Richard Matthews Real Estate,Eddie Elgun,965.0325147,4,951.6795741,2,5,2,50961,1060000,464000,805
53,2020972301,https://www.domain.com.au/31-kent-street-blacktown-nsw-2148-2020972301,domain.com.au,2026-08-18T06:00:00Z,"31 Kent Street, Blacktown",Blacktown,2148,1355000,2026-07-04,2026-07-04,0,Auction,184,House,6,2,6,,none,0,0,0,"Sold at Auction! Many More Bidders Are Ready Call Jeet & Balkar, Century 21 The Rana Group. If you're thinking of selling, speak to the team of experts at Century 21 The Rana Group to find out how we can achieve the best possible price in the shortest possible time. Team Century 21 The Rana Group proudly presents this exceptional opportunity: two brick-veneer homes on one Torrens Title (No Strata Fees), offering outstanding versatility, strong investment appeal, and excellent dual",80,Brick-veneer;Two homes on one Torrens Title;No Strata Fees;Dual income potential,4,Century 21-The Rana Group,Jeet Rana,965.0325147,4,951.6795741,2,5,2,50961,1060000,464000,805
54,2020889497,https://www.domain.com.au/52a-allawah-street-blacktown-nsw-2148-2020889497,domain.com.au,2026-08-18T06:00:00Z,"52a Allawah Street, Blacktown",Blacktown,2148,1881000,2026-07-04,2026-07-04,0,Auction,184,House,6,3,8,817.0,index,0,0,0,"Two Homes Under the One Roof - Prime Location! Calling all large or extended families and astute investors, rare find is this oversized architecturally designed five/six bedroom double brick family home boasting formal and informal living areas that could have the possibility to be split into two separate homes under the one roof. Sitting on a large 817.6sqm block of land and located within walking distance to premier schools, shops, train",71,Double brick;Architecturally designed;Formal and informal living;Potential dual dwelling;Large block;Walking distance to schools and shops,6,Harcourts Unlimited Real Estate,Andrew Chrysanthou,965.0325147,4,951.6795741,2,5,2,50961,1060000,464000,805
55,2020883060,https://www.domain.com.au/5-8-18-wallace-street-blacktown-nsw-2148-2020883060,domain.com.au,2026-08-18T06:00:00Z,"5/8-18 Wallace Street, Blacktown",Blacktown,2148,442000,2026-07-03,2026-07-03,0,Private treaty,183,Apartment,2,2,1,124.0,index,1,0,0,"Ground Floor Convenience with Spacious Indoor-Outdoor Living. Positioned on the ground floor of a well-maintained complex, this generously sized two-bedroom apartment offers the perfect combination of comfort, convenience and low-maintenance living. Ideal for first home buyers, downsizers or investors, the home delivers an easy-care lifestyle just moments from Blacktown's bustling town centre and transport hub. Designed with space and functionality in mind",62,Ground floor;Indoor-outdoor living;Low-maintenance;Well-maintained complex,4,Ray White (United Group),Marc Haddad,965.0325147,4,951.6795741,2,5,2,50961,1060000,464000,805
56,2020810217,https://www.domain.com.au/g01-7-balmoral-street-blacktown-nsw-2148-2020810217,domain.com.au,2026-08-18T06:00:00Z,"G01/7 Balmoral Street, Blacktown",Blacktown,2148,620000,2026-07-03,2026-07-03,0,Private treaty,183,Apartment,2,2,1,,none,1,0,0,"SOLD BY UMANG URBANE RE. PLEASE CALL TO LEARN MORE ABOUT THE URBANE SALES STRATEGY OR FOR A FREE MARKET APPRAISAL. Welcome to G01/7 Balmoral Street, proudly presented by Umang and the team at Urbane Real Estate. Situated in the prestigious The Atrium complex, this sophisticated ground-floor residence offers the perfect blend of modern luxury and urban convenience, designed for those who",62,Built in wardrobes;Gas;Internal Laundry;Secure Parking;Intercom;Dishwasher;Balcony / Deck;Air conditioning;Reverse Cycle Air Conditioning;Ensuite,10,Urbane Real Estate,Umang Pokharel,965.0325147,4,951.6795741,2,5,2,50961,1060000,464000,805
57,2020970936,https://www.domain.com.au/56-anthony-street-blacktown-nsw-2148-2020970936,domain.com.au,2026-08-18T06:00:00Z,"56 Anthony Street, Blacktown",Blacktown,2148,1150000,2026-07-03,2026-07-03,0,Private treaty,183,House,3,2,4,565.0,index,0,0,0,"Family Home with Exceptional Future Potential. Positioned in a sought-after pocket of Blacktown, this beautifully maintained family home presents an exceptional opportunity for families, investors, and developers alike. Set on a generous 565sqm block with an impressive 21.1m frontage and 26.5m depth, this property offers outstanding future potential including duplex and granny flat possibilities (STCA). Freshly painted and owner occupied, the",61,Corner block;Duplex potential;Granny flat potential;21.1m frontage;26.5m depth;Freshly painted;Owner occupied,7,Den Real Estate,Denjola Bhutia,965.0325147,4,951.6795741,2,5,2,50961,1060000,464000,805
58,2020627961,https://www.domain.com.au/23-bristol-circuit-blacktown-nsw-2148-2020627961,domain.com.au,2026-08-18T06:00:00Z,"23 Bristol Circuit, Blacktown",Blacktown,2148,950000,2026-06-27,2026-06-27,0,Private treaty,177,House,3,1,1,,none,0,0,0,"Discover the perfect blend of comfort and convenience in this beautifully maintained three bedroom brick home, nestled in one of Blacktown's most desirable pockets. Ideal for growing families, first home buyers, or savvy investors, this property delivers a lifestyle of ease in a tranquil, tree-lined street. Inside, You'll Love: Three generously proportioned bedrooms, each with built-in",56,Air conditioning;Dishwasher;Outdoor Entertaining;Fully fenced;Built in wardrobes,5,LJ Hooker Caringbah,Richard Tsotras,965.0325147,4,951.6795741,2,5,2,50961,1060000,464000,805
59,2020886881,https://www.domain.com.au/8-paul-street-blacktown-nsw-2148-2020886881,domain.com.au,2026-08-18T06:00:00Z,"8 Paul Street, Blacktown",Blacktown,2148,1000000,2026-06-27,2026-06-27,0,Auction,177,House,3,1,1,556.0,index,0,0,0,"Andrew Ienna proudly presents this well positioned home in a peaceful yet highly accessible pocket in Blacktown. This well-maintained 3 bedroom home is offering a functional floor plan and ample living space that suits families, new buyers, and investors alike. The home opens to a comfortable lounge that leads smoothly into the dining area and practical kitchen, creating a cohesive space for",62,Internal Laundry,1,Laing+Simmons Blacktown,Andrew Ienna,965.0325147,4,951.6795741,2,5,2,50961,1060000,464000,805
60,2020870344,https://www.domain.com.au/12-19-21-oxford-street-blacktown-nsw-2148-2020870344,domain.com.au,2026-08-18T06:00:00Z,"12/19-21 Oxford Street, Blacktown",Blacktown,2148,450000,2026-06-22,2026-06-30,1,Auction,172,Apartment,2,2,1,,none,1,0,0,"Perfectly designed for modern, low-maintenance living, this impressive apartment features contemporary hybrid timber flooring and bright LED downlights equipped with custom dimmers. The intelligent layout opens to a dedicated entry foyer with an internal laundry, flowing seamlessly into a generous light-filled living and dining zone with split-system air conditioning. Adjacent, the gourmet gas",53,Air conditioning;Balcony;Close to schools;Close to shops;Close to transport;Ensuite;Floorboards;Intercom;One level;Outdoor Entertainment Area;Oversized balcony/terrace;Secure Parking;Split-System Air Conditioning;Toilet Facilities;Window Treatments,15,McGrath Parramatta,Murtaza Rezaie,965.0325147,4,951.6795741,2,5,2,50961,1060000,464000,805
61,2020911459,https://www.domain.com.au/1-wilga-street-blacktown-nsw-2148-2020911459,domain.com.au,2026-08-18T06:00:00Z,"1 Wilga Street, Blacktown",Blacktown,2148,950000,2026-06-20,2026-06-22,1,Sold prior to auction,170,House,3,1,1,626.0,index,0,0,0,"Held by the same family for more than a quarter of a century, this loved brick home presents an outstanding opportunity for first home buyers, investors and renovators. Perched in a highset quiet street with picturesque views towards the mountains, the home is neat, original, and well maintained.",48,Brick home;Highset;Mountain views;Original;Well maintained;First home buyers;Investors;Renovators,8,Ray White Castle Hill,Craig Robinson,965.0325147,4,951.6795741,2,5,2,50961,1060000,464000,805
62,2020963672,https://www.domain.com.au/14-8-10-fourth-avenue-blacktown-nsw-2148-2020963672,domain.com.au,2026-08-18T06:00:00Z,"14/8-10 Fourth Avenue, Blacktown",Blacktown,2148,480000,2026-06-17,2026-07-01,1,Private treaty,167,Apartment,2,1,,3681.0,index,1,0,1,SOLD OFF MARKET BY MARC HADDAD. CONTACT ME FOR MORE INFORMATION ON OUR $0 MARKETING STRATEGY,16,Off Market,1,Ray White (United Group),Marc Haddad,965.0325147,4,951.6795741,2,5,2,50961,1060000,464000,805
63,2020777235,https://www.domain.com.au/4-21-29-third-avenue-blacktown-nsw-2148-2020777235,domain.com.au,2026-08-18T06:00:00Z,"4/21-29 Third Avenue, Blacktown",Blacktown,2148,440000,2026-06-16,2026-06-16,0,Private treaty,166,Apartment,2,2,1,,none,1,0,0,"Spacious Ground Floor Living with Private Courtyard & Strong Rental Return. Positioned in a convenient and well-maintained complex, this modern 2-bedroom unit offers the perfect blend of comfort, space, and investment potential. Boasting a functional layout with quality finishes throughout, this home is ideal for savvy investors or those seeking low-maintenance living. The property features a well-appointed kitchen with gas cooking, flowing seamlessly into the open-plan",66,Ensuite,1,Harcourts Your Place,Kenny Gwynn,965.0325147,4,951.6795741,2,5,2,50961,1060000,464000,805
64,2020782443,https://www.domain.com.au/28-reservoir-road-blacktown-nsw-2148-2020782443,domain.com.au,2026-08-18T06:00:00Z,"28 Reservoir Road, Blacktown",Blacktown,2148,1040000,2026-06-16,,0,Other,166,House,3,2,2,651.0,index,0,0,0,"Opportunity Knocks in South Blacktown - Must be Sold! This oversized three-bedroom family home sitting on a large 651sqm block is located within walking distance to premier schools, shops, train station and in one of the districts best areas. Once you enter, you feel the warmth and charm the home exudes! Large 651sqm block with side access - potential subdivision/dual occupancy (subject to state government/council approval) Spacious bedrooms",68,"Large block;Side access;Potential subdivision/dual occupancy;Spacious bedrooms;Walking distance to schools, shops, train station",5,Harcourts Unlimited Real Estate,Andrew Chrysanthou,965.0325147,4,951.6795741,2,5,2,50961,1060000,464000,805
65,2020494461,https://www.domain.com.au/24-valentine-street-blacktown-nsw-2148-2020494461,domain.com.au,2026-08-18T06:00:00Z,"24 Valentine Street, Blacktown",Blacktown,2148,1580000,2026-06-16,2026-06-16,0,Private treaty,166,House,5,2,2,556.0,index,0,0,0,"Luxury, Space, Lifestyle, rare find is this oversized five bedroom brick veneer family home boasting formal and informal living areas which is peacefully positioned within walking distance to premier schools, shops, train station and in one of the districts best areas. Once you enter, you feel the warmth and charm the home exudes! With a vendor screaming must sell, inspection is a must",63,"Luxury;Family home;Brick veneer;Formal and informal living areas;Walking distance to schools, shops, train station",5,Harcourts Unlimited Real Estate,Andrew Chrysanthou,965.0325147,4,951.6795741,2,5,2,50961,1060000,464000,805
66,2020919580,https://www.domain.com.au/2-archer-street-blacktown-nsw-2148-2020919580,domain.com.au,2026-08-18T06:00:00Z,"2 Archer Street, Blacktown",Blacktown,2148,985000,2026-06-15,2026-06-15,0,Private treaty,165,House,3,1,3,607.0,index,0,0,0,"607m2 Block! Land Value Opportunity! Sought After Southside Location! Positioned on a generous 607m2 block, this original 3 bedroom home presents an outstanding land value opportunity for 1st time buyers, investors, renovators or those looking to secure a sizeable parcel of land in a highly sought-after Blacktown location. Whether you're looking to renovate, rebuild your dream home or explore future potential (STCA), the possibilities here are endless.",67,Land value opportunity;Southside location;Original home;Renovation potential,4,LJ Hooker Blacktown,Matthew Lucas,965.0325147,4,951.6795741,2,5,2,50961,1060000,464000,805
67,2020861626,https://www.domain.com.au/4-burnie-street-blacktown-nsw-2148-2020861626,domain.com.au,2026-08-18T06:00:00Z,"4 Burnie Street, Blacktown",Blacktown,2148,1225000,2026-06-14,2026-06-14,0,Auction,164,House,3,1,2,,none,0,0,0,"Perfectly blending timeless street appeal with modern family comfort, this beautifully renovated brick residence presents an outstanding opportunity within a highly convenient Blacktown setting. Showcasing refreshed interiors, quality finishes and seamless indoor-outdoor living, the home has been thoughtfully transformed for effortless family enjoyment. Offering three spacious bedrooms, open plan",49,Built in wardrobes;Close to transport;Close to shops;Close to schools;Security Access;Deck;Secure Parking;Dishwasher;Floorboards;Split-System Air Conditioning,10,Richard Matthews Real Estate,Eddie Elgun,965.0325147,4,951.6795741,2,5,2,50961,1060000,464000,805
68,2020822208,https://www.domain.com.au/31-31a-tulloch-street-blacktown-nsw-2148-2020822208,domain.com.au,2026-08-18T06:00:00Z,"31 & 31A Tulloch Street, Blacktown",Blacktown,2148,1340000,2026-06-13,2026-07-10,1,Auction,163,House,6,3,4,556.0,index,0,0,0,"Positioned in a convenient and family-friendly pocket of Blacktown, this outstanding property presents a rare opportunity for large families, investors or those seeking dual-living flexibility, offering a spacious four-bedroom residence complemented by a well-appointed two-bedroom granny flat. The main home features a practical single-level layout with generous living zones",49,Granny flat;Dual living;Investment property;Combined rental income,4,Ray White (United Group),Marc Haddad,965.0325147,4,951.6795741,2,5,2,50961,1060000,464000,805
69,2020840576,https://www.domain.com.au/40-balmoral-street-blacktown-nsw-2148-2020840576,domain.com.au,2026-08-18T06:00:00Z,"40 Balmoral Street, Blacktown",Blacktown,2148,936000,2026-06-13,2026-06-13,0,Auction,163,House,2,1,2,693.0,index,0,0,0,"Location! Location! Location! - Large 693.8sqm Block With Walk To Train Station! Calling all astute investors or developers, rare find is this well presented two bedroom home sitting on a large 693.8sqm high set block of land. Located within a stone's throw to Blacktown Westpoint, premier schools and train station it offers comfortable living in one of the districts best areas and is brimming with versatility.",66,Large block;Walk to train station;Near schools;High set;Investor/developer opportunity,5,Harcourts Unlimited Real Estate,Andrew Chrysanthou,965.0325147,4,951.6795741,2,5,2,50961,1060000,464000,805
70,2020830711,https://www.domain.com.au/11-russell-street-blacktown-nsw-2148-2020830711,domain.com.au,2026-08-18T06:00:00Z,"11 Russell Street, Blacktown",Blacktown,2148,1170000,2026-06-13,,0,Auction,163,House,4,2,1,562.0,index,0,0,0,"Positioned in a well-connected pocket of Blacktown, this expansive two-level residence offers an exceptional opportunity for growing families, multi-generational living, or savvy investors seeking versatility, space, and convenience. Thoughtfully designed across two generous levels, the home delivers a flexible floorplan featuring four well-appointed bedrooms, multiple living zones, and",48,Two-level residence;flexible floorplan;multiple living zones,3,Ray White (United Group),Marc Haddad,965.0325147,4,951.6795741,2,5,2,50961,1060000,464000,805
71,2020710145,https://www.domain.com.au/30-stewart-avenue-blacktown-nsw-2148-2020710145,domain.com.au,2026-08-18T06:00:00Z,"30 Stewart Avenue, Blacktown",Blacktown,2148,1000000,2026-06-13,2026-06-13,0,Auction,163,House,3,2,,556.0,index,0,0,0,"Positioned in a quiet and convenient location, this well-kept home offers a great opportunity for first-home buyers, families or investors looking to enter the market. Featuring a practical layout with open plan lounge and dining areas, the home provides comfortable everyday living with plenty of natural light throughout. Set on a generous block with a spacious backyard, there's room for kids to",62,Close to transport;Close to shops;Close to schools,3,Starr Partners Blacktown,Mark Vella,965.0325147,4,951.6795741,2,5,2,50961,1060000,464000,805
72,2020853519,https://www.domain.com.au/63-newhaven-avenue-blacktown-nsw-2148-2020853519,domain.com.au,2026-08-18T06:00:00Z,"63 Newhaven Avenue, Blacktown",Blacktown,2148,1300000,2026-06-13,,0,Auction,163,House,4,2,2,876.0,index,0,0,0,"Opportunity Knocks in South Blacktown - Don't Miss Out! Standing tall and proud on the high side of the street and located within walking distance to premier schools, shops, Blacktown Hospital, transport and in one of the districts best areas, rare find is this oversized four bedroom brick veneer family home boasting open plan living areas which offers warm, everyday living and leaves nothing to be desired by way of comfort and appeal!",73,"Open plan living;Brick veneer;High side of street;Walking distance to schools, shops, hospital, transport",4,Harcourts Unlimited Real Estate,Andrew Chrysanthou,965.0325147,4,951.6795741,2,5,2,50961,1060000,464000,805
73,2020786104,https://www.domain.com.au/13-turner-street-blacktown-nsw-2148-2020786104,domain.com.au,2026-08-18T06:00:00Z,"13 Turner Street, Blacktown",Blacktown,2148,1020000,2026-06-12,2026-06-12,0,Private treaty,162,House,3,1,2,562.0,index,0,0,0,"Positioned on a level corner block with desirable dual street frontage, this well-maintained home presents an outstanding opportunity for families, investors, or developers seeking flexibility and future potential (STCA). Set on approximately 562sqm, the property offers a functional single-level layout with generous indoor and outdoor spaces, complemented by excellent access and parking options.",53,Air conditioning;Built in wardrobes;Close to transport;Close to schools;Dishwasher,5,Maison Bridge Property,Sandy Shi,965.0325147,4,951.6795741,2,5,2,50961,1060000,464000,805
74,2021007005,https://www.domain.com.au/28-duckmallois-avenue-blacktown-nsw-2148-2021007005,domain.com.au,2026-08-18T06:00:00Z,"28 DUCKMALLOIS AVENUE, Blacktown",Blacktown,2148,1225000,2026-06-12,2026-06-12,0,Private treaty,162,House,3,1,2,834.0,index,0,0,0,"Perfectly positioned in one of Blacktown's most tightly held and highly sought-after Southside pockets, 28 Duckmallois Avenue presents an outstanding opportunity to secure a rare 834.7sqm parcel of land packed with future potential. Whether you're a first home buyer looking to break into the market, a renovator chasing your next project, an investor seeking future upside, or a developer exploring",60,First home buyer opportunity;Renovator project;Developer potential;South Blacktown location,4,Agency HQ (NSW) Pty Ltd,Todd O'Brien,965.0325147,4,951.6795741,2,5,2,50961,1060000,464000,805
75,2020865287,https://www.domain.com.au/36-wilga-street-blacktown-nsw-2148-2020865287,domain.com.au,2026-08-18T06:00:00Z,"36 Wilga Street, Blacktown",Blacktown,2148,1085000,2026-06-12,2026-06-12,0,Private treaty,162,House,3,2,2,563.0,index,0,0,0,"Set within a peaceful family oriented pocket of Blacktown, this beautifully presented brick residence delivers exceptional comfort, practicality and lifestyle appeal across a versatile single level layout. Showcasing polished floorboards, stylish renovated interiors and an enormous basement storage retreat, the home blends everyday functionality with effortless entertaining. Positioned moments",49,Air conditioning;Built in wardrobes;Close to transport;Close to shops;Close to schools;Deck;Courtyard;Floorboards,8,Richard Matthews Real Estate,Eddie Elgun,965.0325147,4,951.6795741,2,5,2,50961,1060000,464000,805
76,2020583769,https://www.domain.com.au/27-13-19-devitt-street-blacktown-nsw-2148-2020583769,domain.com.au,2026-08-18T06:00:00Z,"27/13-19 Devitt Street, Blacktown",Blacktown,2148,488000,2026-06-09,2026-06-09,0,Private treaty,159,Apartment,2,1,1,,none,1,0,0,Renovated 2 bedroom apartment in the heart of Blacktown. This stylish apartment offers unbeatable convenience and quality renovations. With all the hard work done for you it is ideal for first home buyers and investors! The property is conveniently located close to all the great amenities the Blacktown CBD has to offer! Property Features: 2 generous size,57,Balcony;Built in wardrobes;Air conditioning,3,Rizk Realty,Dori Rizk,965.0325147,4,951.6795741,2,5,2,50961,1060000,464000,805
77,2020603608,https://www.domain.com.au/1505-5-second-avenue-blacktown-nsw-2148-2020603608,domain.com.au,2026-08-18T06:00:00Z,"1505/5 Second Avenue, Blacktown",Blacktown,2148,422500,2026-06-09,2026-06-09,0,Private treaty,159,Apartment,2,2,1,,none,1,0,0,"Spacious Apartment Steps from Station & Shops. Beautifully maintained 2-bedroom apartment in Belysa complex on Level 15 with elevated district views. Perfect for first-home buyers, investors, or downsizers seeking comfort, convenience and luxury in heart of Blacktown.",37,Built in wardrobes;Internal Laundry;Intercom;Air conditioning;Heating;Dishwasher;Secure Parking;Balcony / Deck;Garden / Courtyard;City Views,10,Ray White Beaumont Hills,Varsha Tripathi,965.0325147,4,951.6795741,2,5,2,50961,1060000,464000,805
78,2020834167,https://www.domain.com.au/97-130-reservoir-road-blacktown-nsw-2148-2020834167,domain.com.au,2026-08-18T06:00:00Z,"97/130 Reservoir Road, Blacktown",Blacktown,2148,775000,2026-06-09,2026-06-29,1,Private treaty,159,Townhouse,3,1,2,,none,0,0,0,"Spacious townhouse in one of Blacktown's most sought-after complexes. Beautifully maintained and tastefully updated with practical open-plan design and quality upgrades throughout. Ideal for first home buyers, downsizers, or savvy investors.",31,Air conditioning;Built in wardrobes;Close to transport;Close to shops;Close to schools,5,Sky Property Blacktown,Fayez Abdo,965.0325147,4,951.6795741,2,5,2,50961,1060000,464000,805
79,2020897230,https://www.domain.com.au/14-5-griffiths-street-blacktown-nsw-2148-2020897230,domain.com.au,2026-08-18T06:00:00Z,"14/5 Griffiths Street, Blacktown",Blacktown,2148,430000,2026-06-05,2026-06-05,0,Private treaty,155,Apartment,2,1,1,8284.0,index,1,0,1,"Welcome to this well-presented apartment located at 14/5 Griffiths Street, Blacktown offering the perfect blend of comfort, convenience, and low-maintenance living. Spacious bedroom with built-in wardrobe. Modern kitchen with quality appliances and ample storage. Open-plan living and dining area filled with natural light. Neat and tidy bathroom with contemporary finishes.",50,Spacious bedroom with built-in wardrobe;Modern kitchen;Open-plan living and dining;Neat and tidy bathroom,4,Ray White Blacktown City,Niman Kayastha,965.0325147,4,951.6795741,2,5,2,50961,1060000,464000,805
80,2020806000,https://www.domain.com.au/13-brickfield-place-blacktown-nsw-2148-2020806000,domain.com.au,2026-08-18T06:00:00Z,"13 Brickfield Place, Blacktown",Blacktown,2148,972553,2026-06-04,2026-06-04,0,Sold prior to auction,154,House,3,2,1,417.0,index,0,0,0,"Positioned in a peaceful and convenient pocket of Blacktown, this well-maintained single-level residence offers a practical layout, generous living spaces, and great potential for families, first-home buyers, or investors alike. Step inside to discover a welcoming lounge room that flows effortlessly into a dedicated meals area and functional kitchen, creating a central hub for everyday living.",56,Single-level;Indoor-outdoor entertaining;Lounge room;Meals area;Functional kitchen,5,Ray White (United Group),Marc Haddad,965.0325147,4,951.6795741,2,5,2,50961,1060000,464000,805
81,2020736266,https://www.domain.com.au/404-7-balmoral-street-blacktown-nsw-2148-2020736266,domain.com.au,2026-08-18T06:00:00Z,"404/7 Balmoral Street, Blacktown",Blacktown,2148,625000,2026-06-02,2026-06-02,0,Private treaty,152,Apartment,2,2,1,106.0,listing,1,0,0,"Welcome to Unit 404 at ""The Atrium,"" 7-9 Balmoral Street, Blacktown a modern oasis that perfectly combines luxury, comfort, and convenience in one of Sydney's most dynamic suburbs. This newly constructed apartment offers the ultimate in contemporary living and convenience, with every detail designed to meet your lifestyle needs and an unbeatable location within walking distance to Westpoint",58,Air conditioning;Intercom;Ensuite(s);Secure Parking;Balcony;Fully fenced;Dishwasher;Ducted Heating;Ducted Cooling;Reverse cycle air conditioning,10,Reston Real Estate,Eric Muriniti,965.0325147,4,951.6795741,2,5,2,50961,1060000,464000,805
82,2020745762,https://www.domain.com.au/5-mariko-place-blacktown-nsw-2148-2020745762,domain.com.au,2026-08-18T06:00:00Z,"5 Mariko Place, Blacktown",Blacktown,2148,1215000,2026-06-01,2026-06-19,1,Private treaty,151,House,4,2,2,450.0,index,0,0,0,"Spacious family home offering space, versatility, and comfort in a family-friendly setting. Well-designed with practical layout featuring multiple living areas and seamless indoor-outdoor connection. Perfectly suited for growing families or savvy investors.",32,Multiple living zones;open-plan living;indoor-outdoor connection;quiet cul-de-sac;family-friendly setting,5,Ray White (United Group),Marc Haddad,965.0325147,4,951.6795741,2,5,2,50961,1060000,464000,805
83,2020813364,https://www.domain.com.au/7-essex-street-blacktown-nsw-2148-2020813364,domain.com.au,2026-08-18T06:00:00Z,"7 Essex Street, Blacktown",Blacktown,2148,955000,2026-05-30,2026-05-30,0,Auction,149,House,3,1,3,556.0,index,0,0,0,"3 Bedroom Home With 2 Living Areas! 556m2 Block With 15.240m Frontage! Motivated Sellers! Positioned in a convenient and quiet location, this neatly presented 3-bedroom home offers comfort, space and outstanding potential for first home buyers, growing families or savvy investors alike. Boasting a generous combined living and dining area plus a separate family room, the home provides plenty of space for everyday living and entertaining.",66,Air conditioning;Built in wardrobes;Dishwasher;Heating;Gas Hot Water Service;Rumpus Room;Secure Parking,7,LJ Hooker Blacktown,Matthew Lucas,965.0325147,4,951.6795741,2,5,2,50961,1060000,464000,805
84,2020664676,https://www.domain.com.au/7-highpoint-drive-blacktown-nsw-2148-2020664676,domain.com.au,2026-08-18T06:00:00Z,"7 Highpoint Drive, Blacktown",Blacktown,2148,1300000,2026-05-29,2026-05-29,0,Private treaty,148,House,4,2,2,514.0,index,0,0,0,"A Grand Family Residence Offering Space, Style and Lifestyle. Perfectly positioned in one of Blacktown's most convenient and family-friendly locations. Set on an expansive 514m2 parcel of land, this beautifully designed home delivers an outstanding combination of space, comfort, and contemporary style. From the moment you enter through the impressive front door, you are greeted by a sense of grandeur, thoughtful design, and premium finishes that flow throughout.",68,Air conditioning;Area Views;Close to transport;Close to shops;Alarm System;Close to schools;Ensuite,7,Sky Property Blacktown,Fayez Abdo,965.0325147,4,951.6795741,2,5,2,50961,1060000,464000,805
85,2020717012,https://www.domain.com.au/11b-meroo-street-blacktown-nsw-2148-2020717012,domain.com.au,2026-08-18T06:00:00Z,"11B Meroo Street, Blacktown",Blacktown,2148,1130000,2026-05-29,2026-05-29,0,Private treaty,148,House,3,1,2,819.0,index,0,0,0,"Walk to Station and Westpoint - Comfortable Living Awaits! Positioned for convenience and comfort, this well-presented 3-bedroom battleaxe home offers a fantastic opportunity for families or investors alike. With generous indoor and outdoor spaces, modern finishes, and easy access to transport and shopping, it ticks all the right boxes! 3 well-sized bedrooms, main and second with built-in wardrobes. Brand new kitchen featuring stone.",63,Air conditioning;Bath;Built in wardrobes;Dishwasher;Garden / Courtyard;Internal Laundry,6,Laing+Simmons Wentworthville,Alan Fowler,965.0325147,4,951.6795741,2,5,2,50961,1060000,464000,805
86,2020857112,https://www.domain.com.au/33-45-bungarribee-road-blacktown-nsw-2148-2020857112,domain.com.au,2026-08-18T06:00:00Z,"33/45 Bungarribee Road, Blacktown",Blacktown,2148,760000,2026-05-28,2026-05-28,0,Private treaty,147,Townhouse,3,2,1,,none,0,0,0,"Rare find, this immaculately presented three bedroom townhouse is centrally located to schools, shops, Blacktown Hospital, transport and in one of the districts best areas. Once you enter, you feel the warmth and charm the home exudes. Full of Surprises - Must Be Sold!",44,Spacious bedrooms with mirrored built-in wardrobes;Ensuite to main;Gas cooking;Well-appointed kitchen,4,Harcourts Unlimited Real Estate,Andrew Chrysanthou,965.0325147,4,951.6795741,2,5,2,50961,1060000,464000,805
87,2020814329,https://www.domain.com.au/2-17-bruce-street-blacktown-nsw-2148-2020814329,domain.com.au,2026-08-18T06:00:00Z,"2/17 Bruce Street, Blacktown",Blacktown,2148,437000,2026-05-27,2026-05-27,0,Sold prior to auction,146,Apartment,2,2,1,,none,1,0,0,"Ground floor 2-bedroom, 2-bathroom apartment in well-maintained complex. Both spacious bedrooms feature mirrored built-in wardrobes and direct balcony access, filling home with natural light and fresh air. Designed for effortless indoor-outdoor living in heart of Blacktown.",36,Built in wardrobes;Secure Parking;Balcony / Deck,3,Laing+Simmons Blacktown,Jose (Joe) Landicho,965.0325147,4,951.6795741,2,5,2,50961,1060000,464000,805
88,2020786385,https://www.domain.com.au/9-60-patricia-street-blacktown-nsw-2148-2020786385,domain.com.au,2026-08-18T06:00:00Z,"9/60 Patricia Street, Blacktown",Blacktown,2148,740000,2026-05-27,2026-05-27,0,Private treaty,146,Townhouse,2,1,2,224.0,index,0,0,0,"2 Bed plus Study Townhouse offering practical blend of comfort and functionality, with scope to update and add personal touch. Retains warm and welcoming feel, solid option for first-home buyers, renovators or investors. Natural light filters into spaces.",38,Built in wardrobes;Bath;Heating;Study;Secure Parking;Balcony/Deck,6,Ray White (United Group),Nathan Lee,965.0325147,4,951.6795741,2,5,2,50961,1060000,464000,805
89,2020815884,https://www.domain.com.au/9-19-21-oxford-street-blacktown-nsw-2148-2020815884,domain.com.au,2026-08-18T06:00:00Z,"9/19-21 Oxford Street, Blacktown",Blacktown,2148,513000,2026-05-26,2026-06-10,1,Private treaty,145,Apartment,2,2,1,116.0,index,1,0,0,"Spacious, Stylish and Perfectly Positioned. Tucked away in a quiet, well-maintained complex, this immaculately presented apartment delivers effortless modern living with nothing left to do. Showcasing a light-filled open plan design, fresh contemporary finishes and two standout balconies, it's perfectly suited to first home buyers or savvy investors seeking a turn-key opportunity. Currently leased to stellar tenants.",57,Air conditioning;Area Views;Built in wardrobes;Close to transport;Close to shops;Intercom;Close to schools;Ensuite;Security Access;Lift Installed;Car Parking - Basement;Balcony;Dishwasher;Floorboards;Secure Parking,15,Starr Partners Blacktown,Jodie Feeney,965.0325147,4,951.6795741,2,5,2,50961,1060000,464000,805
90,2020836620,https://www.domain.com.au/30-173a-reservoir-road-blacktown-nsw-2148-2020836620,domain.com.au,2026-08-18T06:00:00Z,"30/173a Reservoir Road, Blacktown",Blacktown,2148,800000,2026-05-26,2026-06-02,1,Private treaty,145,Townhouse,3,1,1,153.0,index,0,0,0,"Beautifully updated throughout, this stylish family townhouse delivers a seamless blend of modern comfort, quality finishes, and low-maintenance living in a highly convenient Blacktown location. Featuring a renovated kitchen and bathroom, light-filled interiors, and generous proportions across its well-designed layout, the home is perfectly suited to families, first home buyers, or investors.",52,Renovated kitchen;Renovated bathroom;Light-filled interiors;Generous backyard;Low-maintenance,5,McGrath Blacktown,Monique Layoun,965.0325147,4,951.6795741,2,5,2,50961,1060000,464000,805
91,2020871091,https://www.domain.com.au/g16-10-14-carinya-street-blacktown-nsw-2148-2020871091,domain.com.au,2026-08-18T06:00:00Z,"G16/10-14 Carinya Street, Blacktown",Blacktown,2148,590000,2026-05-26,2026-05-26,0,Private treaty,145,Apartment,2,2,1,3341.0,index,1,0,1,"Modern Apartment in Prime Blacktown Location. Positioned within a well-maintained and secure complex, presents an outstanding opportunity to secure a modern residence that perfectly blends lifestyle, comfort, and convenience. Designed for effortless living, this modern apartment is ideal for first-home buyers, downsizers, and astute investors seeking strong rental appeal in a high-demand location.",53,Modern apartment;Secure complex;Well-maintained,3,Ray White Blacktown City,Niman Kayastha,965.0325147,4,951.6795741,2,5,2,50961,1060000,464000,805
92,2020712079,https://www.domain.com.au/11-cunningham-crescent-blacktown-nsw-2148-2020712079,domain.com.au,2026-08-18T06:00:00Z,"11 Cunningham Crescent, Blacktown",Blacktown,2148,1130000,2026-05-24,2026-05-24,0,Auction,143,House,3,1,1,1035.0,index,0,0,0,"Recently Refreshed Charming Family Home! This charming property offers the perfect combination of comfort, style, and functionality on an enormous 1035 m2 approximate parcel of land. With three bedrooms with built-in robes, each featuring stunning original wood flooring, this home exudes warmth and character from the moment you step inside. The formal lounge and dining rooms boast beautiful timber flooring, creating an inviting atmosphere.",64,Gas;Secure Parking;Fireplace(s);Swimming Pool;Floorboards;Built in wardrobes;Air conditioning,7,Century 21 All Aspects Real Estate,Sasha Szymon,965.0325147,4,951.6795741,2,5,2,50961,1060000,464000,805
93,2020798329,https://www.domain.com.au/14-meela-street-blacktown-nsw-2148-2020798329,domain.com.au,2026-08-18T06:00:00Z,"14 Meela Street, Blacktown",Blacktown,2148,982000,2026-05-23,2026-05-23,0,Auction,142,House,3,1,2,556.0,index,0,0,0,"Prime high-side opportunity with original residence presenting outstanding opportunity for renovators, investors, or those looking to rebuild and create their dream home. Set on level block with impressive frontage, property offers sizeable flexible layout with scope for dual living or addition of granny flat.",44,Level 556.4sqm block;15m frontage;Dual living potential;Granny flat scope (STCA),4,McGrath Blacktown,Joel Hollings,965.0325147,4,951.6795741,2,5,2,50961,1060000,464000,805
94,2020803692,https://www.domain.com.au/5-shelley-crescent-blacktown-nsw-2148-2020803692,domain.com.au,2026-08-18T06:00:00Z,"5 Shelley Crescent, Blacktown",Blacktown,2148,1090000,2026-05-22,2026-05-29,1,Private treaty,141,House,3,2,3,458.0,index,0,0,0,"Charming family retreat featuring three well-appointed bedrooms including spacious main with private ensuite, seamless indoor-outdoor living spaces perfect for family gatherings, modern comforts throughout, sanctuary of comfort and joy with promise of cherished memories",34,Air conditioning;Built in wardrobes;Dishwasher,3,Ausrealty - Hills District,MJ Dela Cruz,965.0325147,4,951.6795741,2,5,2,50961,1060000,464000,805
95,2020666580,https://www.domain.com.au/35-burrell-parade-blacktown-nsw-2148-2020666580,domain.com.au,2026-08-18T06:00:00Z,"35 Burrell Parade, Blacktown",Blacktown,2148,1131000,2026-05-22,2026-05-22,0,Private treaty,141,House,3,1,6,565.0,index,0,0,0,"Ideally located in one of Blacktown's most convenient family-friendly neighbourhoods, this impressive residence sits on an expansive 565m2 parcel of land, offering space, comfort, and family living. From the grand front entrance, the home welcomes with warmth. Thoughtfully designed with spacious interiors, it represents a perfectly positioned renovated family home combining practical design with modern amenities.",56,Air conditioning;Built in wardrobes;Close to transport;Close to shops;Alarm System;Close to schools;Carpeted;Roller Door Access,8,Sky Property Blacktown,Fayez Abdo,965.0325147,4,951.6795741,2,5,2,50961,1060000,464000,805
96,2020755900,https://www.domain.com.au/42-kent-street-blacktown-nsw-2148-2020755900,domain.com.au,2026-08-18T06:00:00Z,"42 Kent Street, Blacktown",Blacktown,2148,1225000,2026-05-21,2026-05-21,0,Private treaty,140,House,3,2,2,665.0,index,0,0,0,"Prime Location, Three Bedroom Family Home, Moments from Blacktown CBD. This unique three bedroom home exudes charm with its warm cottage-style appeal, beautifully complemented by renovated interiors that offer modern comfort and style. Tucked away on a private 665sqm battle-axe block, the property provides a peaceful and secluded setting with a low maintenance yard perfect for the kids or entertaining. Conveniently positioned within a short walk to Blacktown CBD",69,Air conditioning;Built in wardrobes;Close to transport;Close to shops;Close to schools;Ensuite;Car Parking - Surface;Dishwasher;Fully fenced;Study,10,McGrath Blacktown,Peter Sutherland,965.0325147,4,951.6795741,2,5,2,50961,1060000,464000,805
97,2021032297,https://www.domain.com.au/1-9-13-church-street-chatswood-nsw-2067-2021032297,domain.com.au,2026-08-18T06:00:00Z,"1/9-13 Church Street, Chatswood",Chatswood,2067,1016500,2026-08-14,2026-08-14,0,Sold prior to auction,225,Apartment,2,1,1,113.0,listing,1,0,0,"Stylish ground-floor apartment offering both space and the perfect location. Enjoying a peaceful garden outlook and an impressive 113sqm on title, this elevated ground-floor apartment holds a coveted position in one of Chatswood's most desirable streets. Beautifully updated and filled with natural light, the sun-filled wraparound balcony offers both remarkable privacy and effortless entertaining.",54,Ground-floor;garden outlook;wraparound balcony;natural light;elevated position;private;entertaining space,7,Raine & Horne Lower North Shore,Simone Date-Chong,1113.28,10,1034.59,7,10,2,25553,3187500,1180000,371
98,2020985005,https://www.domain.com.au/1205-1-cambridge-lane-chatswood-nsw-2067-2020985005,domain.com.au,2026-08-18T06:00:00Z,"1205/1 Cambridge Lane, Chatswood",Chatswood,2067,1951000,2026-08-11,2026-08-11,0,Private treaty,222,Apartment,2,2,1,,none,1,0,0,"Experience the perfect blend of luxury, convenience and resort-style living in the heart of Chatswood. Positioned on the highly desirable north-east corner of the prestigious Mirvac Cambridge development, this beautifully appointed full-brick security apartment delivers an exceptional lifestyle in one of Sydney's most sought-after addresses. Designed to maximise natural light and effortless",52,Full-brick security apartment;North-east corner position;Resort-style living;Maximizes natural light;Prestigious Mirvac Cambridge development,5,Century 21 North Group,Jenny Zhang,1113.28,10,1034.59,7,10,2,25553,3187500,1180000,371
99,2020877709,https://www.domain.com.au/1-4-sutherland-road-chatswood-nsw-2067-2020877709,domain.com.au,2026-08-18T06:00:00Z,"1/4 Sutherland Road, Chatswood",Chatswood,2067,1460000,2026-07-16,2026-07-16,0,Private treaty,196,Townhouse,3,2,1,,none,0,0,0,"Positioned within an exclusive boutique complex of just four, this solid double brick townhouse delivers a superb combination of space, comfort and low-maintenance living in a highly sought-after lifestyle setting. Designed for effortless indoor and outdoor enjoyment, the generous open plan interiors extend seamlessly to a covered alfresco veranda and easy-care level backyard, perfect for",55,Double brick;Open plan;Covered alfresco veranda;Level backyard;Low-maintenance;Boutique complex,6,Raine & Horne Carlingford / Epping,Zack (Hengke) Liu,1113.28,10,1034.59,7,10,2,25553,3187500,1180000,371
100,2020778330,https://www.domain.com.au/2002-1-cambridge-lane-chatswood-nsw-2067-2020778330,domain.com.au,2026-08-18T06:00:00Z,"2002/1 Cambridge Lane, Chatswood",Chatswood,2067,2628000,2026-07-15,2026-07-15,0,Private treaty,195,Apartment,3,2,2,194.0,index,1,0,0,"Luxurious Mirvac Resort-Style Living with a Coveted North-East Aspect in the Heart of Chatswood. Positioned high on the 20th floor of the prestigious Mirvac development 'Cambridge', this exceptional three-bedroom apartment delivers a perfect combination of space, natural light and premium quality in the heart of Chatswood. Enjoying a prized north-east corner",51,Air conditioning;Gym;Intercom;Built in wardrobes;Internal Laundry;Pets Allowed;Gas;Broadband internet access;Bath;Dishwasher;Secure Parking;Balcony / Deck;Swimming Pool;North Facing;25m Outdoor Pool;BBQ Facilities;Indoor Pool;Sauna;Spa,19,Ray White AY Realty Chatswood,Stephen Chui,1113.28,10,1034.59,7,10,2,25553,3187500,1180000,371
101,2020767713,https://www.domain.com.au/203-58-hercules-street-chatswood-nsw-2067-2020767713,domain.com.au,2026-08-18T06:00:00Z,"203/58 Hercules Street, Chatswood",Chatswood,2067,1515000,2026-07-14,2026-07-14,0,Private treaty,194,Apartment,2,1,1,,none,1,0,0,"Discover the epitome of modern living at this sleek 2-bedroom, 1-bathroom apartment located at 203 / 58 Hercules Street, Chatswood. Situated in the heart of the vibrant Chatswood district in NSW 2067, this property offers a perfect blend of comfort and convenience. Boasting a contemporary design, this apartment features a spacious open-plan layout that seamlessly integrates the living, dining",59,Balcony;Outdoor Entertainment Area;Secure Parking;Swimming Pool - Above Ground;Broadband Internet Available;Built in wardrobes;Dishwasher;Gym;Intercom;Air conditioning;Ducted Cooling;Ducted Heating,12,Everest Realty Pty Ltd,Uncheon (Eddie) LEE,1113.28,10,1034.59,7,10,2,25553,3187500,1180000,371
102,2020954395,https://www.domain.com.au/8h-8-12-sutherland-road-chatswood-nsw-2067-2020954395,domain.com.au,2026-08-18T06:00:00Z,"8H/8-12 Sutherland Road, Chatswood",Chatswood,2067,745000,2026-07-08,,0,Auction,188,Apartment,1,1,1,,none,1,0,0,"A versatile floor plan offers a stylish combined living and dining area, flowing out to an east aspect balcony. Boasting with natural light, the oversized apartment offers a generous layout and panoramic district view. Spacious and sunny bedroom with mirror built-in wardrobe, fully tiled bathroom with shower screen on the top of bath tub, gourmet",55,North East Aspect;Stunning Views;Natural Light;Balcony;Built-in Wardrobe;Fully Tiled Bathroom;Panoramic District View,7,Shead Property,Isabella (Ni Yang Fang) Yan,1113.28,10,1034.59,7,10,2,25553,3187500,1180000,371
103,2020877299,https://www.domain.com.au/5-hopetoun-avenue-chatswood-nsw-2067-2020877299,domain.com.au,2026-08-18T06:00:00Z,"5 Hopetoun Avenue, Chatswood",Chatswood,2067,2350000,2026-07-01,,0,Auction,181,House,2,1,1,329.0,listing,0,0,0,"Occupying approx. 329sqm on a cul-de-sac street in a sought-after eastern pocket of Chatswood, this full brick, Art Deco single-storey semi presents an inviting opportunity for a young family or downsizers. The home is bright and airy throughout, includes a custom open plan kitchen, has a due north aspect to the rear and comes complete with rear lane access to a lock-up garage. A haven of",66,Full brick;Art Deco single-storey semi;Custom open plan kitchen;Due north aspect;Rear lane access;Lock-up garage;Cul-de-sac location,7,Belle Property North Shore,Patrick Lang,1113.28,10,1034.59,7,10,2,25553,3187500,1180000,371
104,2020911444,https://www.domain.com.au/274-high-street-chatswood-nsw-2067-2020911444,domain.com.au,2026-08-18T06:00:00Z,"274 High Street, Chatswood",Chatswood,2067,3510000,2026-06-30,,0,Other,180,House,5,3,4,518.0,index,0,0,0,"Prestigious Full-Brick Family Residence in Prime Chatswood Location. Perfectly positioned in one of Chatswood's most desirable and convenient locations, this generously proportioned family residence offers exceptional space, comfort, and flexibility for modern family living. High brick fencing and an electric driveway gate provide exceptional privacy and security, creating a safe and secluded sanctuary for the whole family. The oversized living and dining areas",63,Full-brick residence;Electric driveway gate;High brick fencing;Oversized living and dining areas;Privacy and security,5,DiJones - Willoughby,Mendy Lau,1113.28,10,1034.59,7,10,2,25553,3187500,1180000,371
105,2020852608,https://www.domain.com.au/502-13-oscar-street-chatswood-nsw-2067-2020852608,domain.com.au,2026-08-18T06:00:00Z,"502/13 Oscar Street, Chatswood",Chatswood,2067,2450000,2026-06-30,2026-06-30,0,Private treaty,180,Apartment,3,2,1,,none,1,0,0,"Perfectly positioned in the absolute heart of Chatswood, this exceptional residence delivers ultimate convenience with everything at your doorstep. Set directly above Chatswood Place, residents enjoy lift access straight to a vibrant retail and dining precinct including ALDI, fresh fruit and vegetable markets, cafes, restaurants and everyday essentials - redefining effortless urban living.",53,Air conditioning;Area Views;Built in wardrobes;Car Parking - Basement;Carpeted;Close to schools;Close to shops;Close to transport;Disabled Access;Ensuite;Intercom;Openable Windows;Security Access,13,Successful Properties Group,Leyi (Winnie) Chen,1113.28,10,1034.59,7,10,2,25553,3187500,1180000,371
106,2019398525,https://www.domain.com.au/306-18-freeman-road-chatswood-nsw-2067-2019398525,domain.com.au,2026-08-18T06:00:00Z,"306/18 Freeman Road, Chatswood",Chatswood,2067,1300000,2026-06-26,2026-06-26,0,Private treaty,176,Apartment,2,2,1,,none,1,0,0,"Quietly secluded on the 3rd floor of the exceptional security block, this substantial Novati built apartment radiates with sophisticated style and relaxed luxury. It's a private peaceful retreat, opening up to an enormous full width balcony and an open outlook. Impeccably appointed, the residence impresses with its on-trend style, its eye catching gourmet Miele",54,Security block;Full width balcony;Miele appliances;Gourmet kitchen;Open outlook;3rd floor;Novati built,7,Ray White AY Realty Chatswood,Grace Lin,1113.28,10,1034.59,7,10,2,25553,3187500,1180000,371
107,2020902339,https://www.domain.com.au/40-18-jacques-street-chatswood-nsw-2067-2020902339,domain.com.au,2026-08-18T06:00:00Z,"40/18 Jacques Street, Chatswood",Chatswood,2067,1575000,2026-06-26,2026-06-26,0,Sold prior to auction,176,Apartment,2,2,2,627.0,index,1,0,1,"Architecturally stunning with a distinctive house-like design, this extraordinary dual level residence presents the perfect option for families seeking affordable easy-care space and walk to the best of Chatswood convenience. Enjoying level lift access on the first floor of 'Gardenia', the apartment rests back in the block wowing with its vast cathedral ceilings, unique",54,Air conditioning;Intercom;Built in wardrobes;Internal Laundry;Pets Allowed;Bath;Dishwasher;Study;Secure Parking;Balcony / Deck,10,Ray White AY Realty Chatswood,Andy Yeung,1113.28,10,1034.59,7,10,2,25553,3187500,1180000,371
108,2020894603,https://www.domain.com.au/233-mowbray-road-chatswood-nsw-2067-2020894603,domain.com.au,2026-08-18T06:00:00Z,"233 Mowbray Road, Chatswood",Chatswood,2067,2420000,2026-06-25,,0,Auction,175,House,3,1,2,380.0,index,0,0,0,"Set on a prized corner block in a premium pocket of Chatswood, this c1925 double-brick character home pairs enduring character with a lifestyle of ease and convenience. Exquisite ornate ceilings and original floorboards bring warmth and presence to the home, while generous proportions are carried through every room, from the light-filled",51,Double-brick;Corner block;Original floorboards;Ornate ceilings;Character home,5,Shead Property,Tony (Anthony) Walker,1113.28,10,1034.59,7,10,2,25553,3187500,1180000,371
109,2020823567,https://www.domain.com.au/8-karana-place-chatswood-nsw-2067-2020823567,domain.com.au,2026-08-18T06:00:00Z,"8 Karana Place, Chatswood",Chatswood,2067,2320000,2026-06-23,2026-06-23,0,Private treaty,173,House,4,2,2,,none,0,0,0,"Sold by Adam Wong! A Private Family Oasis with Beautiful Reserve Views. Nestled peacefully amid lush gardens with a stunning bushland reserve and Chatswood Golf Course backdrop, this freshly painted single-level home offers a rare sense of privacy and tranquillity just moments from Chatswood CBD. Set in a quiet, family-friendly cul-de-sac, it delivers light-filled interiors, two generous living areas and seamless indoor/outdoor",62,Air conditioning;Area Views;Close to transport;Close to shops;Swimming Pool;Close to schools,6,DiJones - Chatswood,Adam Wong,1113.28,10,1034.59,7,10,2,25553,3187500,1180000,371
110,2020902360,https://www.domain.com.au/1010-37-victor-street-chatswood-nsw-2067-2020902360,domain.com.au,2026-08-18T06:00:00Z,"1010/37 Victor Street, Chatswood",Chatswood,2067,835000,2026-06-22,2026-06-22,0,Private treaty,172,Apartment,1,1,1,82.0,listing,1,0,0,"North-facing luxury apartment in Mirvac's iconic 'The Sebel' in the heart of Chatswood. Perfectly positioned within the sought-after residence, this spacious north-facing one-bedroom apartment delivers exceptional lifestyle of space, natural light and unmatched convenience. Built by renowned developer Mirvac, the apartment showcases generous proportions and quality finishes in one of Chatswood's most sought-after addresses. Bathed in all-day natural light, the",60,Air conditioning;Close to transport;Close to shops;Close to schools;Lift installed,5,DiJones - Chatswood,Adam Wong,1113.28,10,1034.59,7,10,2,25553,3187500,1180000,371
111,2020767524,https://www.domain.com.au/909-2b-help-street-chatswood-nsw-2067-2020767524,domain.com.au,2026-08-18T06:00:00Z,"909/2B Help Street, Chatswood",Chatswood,2067,800000,2026-06-19,2026-06-19,0,Private treaty,169,Apartment,1,1,1,74.0,listing,1,0,0,"Seize the opportunity to make this retreat your own, where modern style meets unparalleled convenience in the heart of Chatswood's dynamic lifestyle. Set on level 9 of the sought-after 'The Regency' residential tower, this freshly painted one-bedroom haven offers a light-filled open plan living and dining, a spacious covered balcony, and is appointed with quality fittings and stylish finishes.",59,Air conditioning;Close to transport;Close to shops;Close to schools;Lift Installed;Car Parking - Basement,6,DiJones - Chatswood,Adam Wong,1113.28,10,1034.59,7,10,2,25553,3187500,1180000,371
112,2020826545,https://www.domain.com.au/18-44-view-street-chatswood-nsw-2067-2020826545,domain.com.au,2026-08-18T06:00:00Z,"18/44 View Street, Chatswood",Chatswood,2067,895000,2026-06-04,2026-06-04,0,Private treaty,154,Apartment,2,1,1,108.0,index,1,0,0,"Perfectly positioned in one of Chatswood's most connected locations, this quiet apartment offers an exceptional blend of modern comfort and lifestyle convenience. Thoughtfully updated and designed for effortless living, the residence showcases a light-filled interior with open plan living and dining areas that flow seamlessly to a private balcony, ideal for relaxing or entertaining. Fresh",55,Light-filled interior;Open plan living and dining;Private balcony;Modern comfort;Contemporary living,5,DiJones - Willoughby,Mendy Lau,1113.28,10,1034.59,7,10,2,25553,3187500,1180000,371
113,2020796269,https://www.domain.com.au/11-septimus-street-chatswood-nsw-2067-2020796269,domain.com.au,2026-08-18T06:00:00Z,"11 Septimus Street, Chatswood",Chatswood,2067,2980000,2026-05-30,2026-05-30,0,Auction,149,House,4,2,3,392.0,index,0,0,0,"Enjoying a highly coveted address in a quiet street central to the best of both Chatswood and Willoughby, this well-presented home offers a myriad of possibilities. North-east to rear on its easy-care block, it makes a very comfortable home or investment, with well-presented, bright spaces and a relaxed single level design.",51,Air conditioning;Floorboards;Built in wardrobes;Internal Laundry;Bath;Dishwasher;Study;Shed;Fully fenced,9,Ray White AY Realty Chatswood,Andy Yeung,1113.28,10,1034.59,7,10,2,25553,3187500,1180000,371
114,2020635204,https://www.domain.com.au/202-2-oliver-road-chatswood-nsw-2067-2020635204,domain.com.au,2026-08-18T06:00:00Z,"202/2 Oliver Road, Chatswood",Chatswood,2067,1100000,2026-05-29,2026-05-29,0,Private treaty,148,Apartment,2,2,1,98.0,index,1,0,0,"Peacefully nestled at the rear of the ultra-modern 'Meridian' security building with lift access, this sleek and stylish apartment promises a lifestyle of supreme luxury and convenience. Showcasing innovative contemporary design and the highest quality appointments and finishes, it boasts an exceptionally bright and spacious open floor layout and easy flow to an",53,Modern security building;lift access;open floor layout;contemporary design;high quality finishes;bright and spacious,6,Ray White AY Realty Chatswood,Grace Lin,1113.28,10,1034.59,7,10,2,25553,3187500,1180000,371
115,2020816688,https://www.domain.com.au/9-40-44-fullers-road-chatswood-nsw-2067-2020816688,domain.com.au,2026-08-18T06:00:00Z,"9/40-44 Fullers Road, Chatswood",Chatswood,2067,1385888,2026-05-29,2026-05-29,0,Private treaty,148,Apartment,3,3,2,,none,1,0,0,"Oversized three bedroom apartment with style and convenience. Set within a leafy residential pocket of Chatswood, this oversized three-bedroom apartment stands out for its generous proportions, private green outlooks and polished modern feel. The living and dining zone is exceptionally spacious, flowing to a deep entertainer's balcony that enhances the sense of openness and outdoor connection, while the bedrooms",59,Air conditioning;Built in wardrobes;Close to schools;Renovated,4,Shead Property,Isabella (Ni Yang Fang) Yan,1113.28,10,1034.59,7,10,2,25553,3187500,1180000,371
116,2020803475,https://www.domain.com.au/202a-fullers-road-chatswood-nsw-2067-2020803475,domain.com.au,2026-08-18T06:00:00Z,"202A Fullers Road, Chatswood",Chatswood,2067,2150000,2026-05-26,,0,Auction,145,Semi-detached,4,2,1,359.0,index,0,0,0,"Spacious, Sunlit & Perfectly Positioned for Family Living. Nestled in a quiet leafy enclave in esteemed Chatswood, this north-facing beauty will surprise and delight. Offering 4 spacious bedrooms, including substantial master suite with ensuite and spacious walk-in robe, there is plenty of room for the whole family and accommodation options for guests/in-laws. Effortless indoor-outdoor flow creates an ideal setting for relaxed entertaining.",62,North-facing;Master suite with ensuite and walk-in robe;Indoor-outdoor flow;Family accommodation,4,Chan Yahl,William Chan,1113.28,10,1034.59,7,10,2,25553,3187500,1180000,371
117,2020823017,https://www.domain.com.au/9-381-mowbray-road-west-chatswood-nsw-2067-2020823017,domain.com.au,2026-08-18T06:00:00Z,"9/381 Mowbray Road West, Chatswood",Chatswood,2067,895000,2026-05-22,2026-05-22,0,Sold prior to auction,141,Apartment,2,1,1,93.0,listing,1,0,0,"Beautifully presented to evoke luxury, space and relaxation, this north facing apartment promises a lifestyle that is second to none. Sophisticated interiors bask in fresh light and cross breezes. Living/dining zones spill to full length north facing balcony. Stone",39,Built in wardrobes;Close to transport;Close to shops;Close to schools,4,McGrath Lane Cove,Julia Sikora,1113.28,10,1034.59,7,10,2,25553,3187500,1180000,371
118,2020795148,https://www.domain.com.au/23-61-63-hercules-street-chatswood-nsw-2067-2020795148,domain.com.au,2026-08-18T06:00:00Z,"23/61-63 Hercules Street, Chatswood",Chatswood,2067,1518000,2026-05-21,2026-05-21,0,Private treaty,140,Apartment,3,2,1,,none,1,0,0,"Perfectly positioned just a few short strides from the heart of Chatswood CBD, this beautifully presented three-bedroom apartment offers an effortless lifestyle base in one of the North Shore's most convenient urban hubs. Set on the top floor of a well-maintained block, it feels bright, airy and inviting, with an east-facing covered balcony that welcomes the morning sun",58,Top floor;East-facing balcony;Central location;Well-maintained block,4,Shead Property,Isabella (Ni Yang Fang) Yan,1113.28,10,1034.59,7,10,2,25553,3187500,1180000,371
119,2020720821,https://www.domain.com.au/112-809-pacific-highway-chatswood-nsw-2067-2020720821,domain.com.au,2026-08-18T06:00:00Z,"112/809 Pacific Highway, Chatswood",Chatswood,2067,700000,2026-05-18,2026-05-18,0,Private treaty,137,Apartment,1,1,1,68.0,listing,1,0,0,"Capturing almost 180 degree skyline views to the Blue Mountains, this sixth floor Leura apartment offers a move-in ready retreat in the heart of Chatswood. Its just a stroll to Chatswood Interchange, Westfield and a selection of cafes and restaurants. Excellent easycare investment or first home buyers opportunity. Open plan layout maximises natural light, space and versatility. Neutral.",58,180 degree views;Move-in ready;Open plan layout;Neutral colours;6th floor;Skyline views to Blue Mountains,6,McGrath Willoughby,Jon Dundas-Smith,1113.28,10,1034.59,7,10,2,25553,3187500,1180000,371
120,2020775795,https://www.domain.com.au/613-30-anderson-street-chatswood-nsw-2067-2020775795,domain.com.au,2026-08-18T06:00:00Z,"613/30 Anderson Street, Chatswood",Chatswood,2067,1725000,2026-05-18,2026-05-18,0,Private treaty,137,Apartment,2,2,1,113.0,index,1,0,0,"Positioned on the 6th floor of the highly sought-after The Chatswood complex by TOGA, this north-facing two-bedroom apartment showcases a contemporary, spacious layout with an open-plan design. It features premium finishes, light-filled interiors, and sleek floorboards throughout. Floor-to-ceiling windows invite abundant natural",42,North-facing;Floor-to-ceiling windows;Open-plan design;Premium finishes;Light-filled interiors;Sleek floorboards;6th floor;Contemporary layout,8,Ray White AY Realty Chatswood,Henry Wong,1113.28,10,1034.59,7,10,2,25553,3187500,1180000,371
121,2020727848,https://www.domain.com.au/44-34-archer-street-chatswood-nsw-2067-2020727848,domain.com.au,2026-08-18T06:00:00Z,"44/34 Archer Street, Chatswood",Chatswood,2067,1150000,2026-05-14,2026-05-14,0,Private treaty,133,Apartment,2,1,2,2140.0,index,1,0,1,"Nestled in a highly desirable and convenient setting, this well presented two bedroom apartment captures peaceful leafy outlooks and offers an unbeatable lifestyle location. Set on the elevated eighth floor of 'Marquis Court' with a prized corner position, it delivers a premium lifestyle right in the vibrant heart of Chatswood's CBD",51,Study,1,Ray White AY Realty Chatswood,Andy Yeung,1113.28,10,1034.59,7,10,2,25553,3187500,1180000,371
122,2020795166,https://www.domain.com.au/5-8-10-eddy-road-chatswood-nsw-2067-2020795166,domain.com.au,2026-08-18T06:00:00Z,"5/8-10 Eddy Road, Chatswood",Chatswood,2067,1110000,2026-05-12,2026-05-12,0,Auction,131,Apartment,3,2,1,,none,1,0,0,"Bright Spacious north-facing apartment with leafy outlooks. Set on the top floor of an immaculate security block in a leafy Chatswood pocket, this three-bedroom apartment offers a peaceful, light-filled base with clear scope to update and add value over time. With a north-facing living area and balcony with soft leafy outlooks, the home enjoys a lovely sense of brightness and privacy. The layout is well proportioned, with three",68,North-facing;Leafy outlooks;Security block;Top floor;Light-filled;Well proportioned layout,6,Shead Property,Isabella (Ni Yang Fang) Yan,1113.28,10,1034.59,7,10,2,25553,3187500,1180000,371
123,2020825890,https://www.domain.com.au/504-13-oscar-street-chatswood-nsw-2067-2020825890,domain.com.au,2026-08-18T06:00:00Z,"504/13 Oscar Street, Chatswood",Chatswood,2067,1030000,2026-05-08,2026-05-08,0,Private treaty,127,Apartment,1,1,1,76.0,index,1,0,0,"Contemporary Style & Unmatched Convenience The Ideal Address at 'Chatswood Place' Tucked away in a leafy street just moments from shops, transport, and quality schools, this stylish studio delivers a perfect balance of low-maintenance living and everyday convenience. Positioned high within the sought-after Chatswood Place, it showcases a sophisticated blend of timber and stone finishes across its open-plan layout, flowing seamlessly through sliding doors to a spacious, glass",68,Contemporary style;timber and stone finishes;open-plan layout;glass balcony;high floor;low-maintenance living,6,Midland Realty Group,Jeffrey Li,1113.28,10,1034.59,7,10,2,25553,3187500,1180000,371
124,2020825867,https://www.domain.com.au/503-13-oscar-street-chatswood-nsw-2067-2020825867,domain.com.au,2026-08-18T06:00:00Z,"503/13 Oscar Street, Chatswood",Chatswood,2067,1500000,2026-05-08,2026-05-08,0,Private treaty,127,Apartment,2,1,1,100.0,index,1,0,0,"Refined Living at Chatswood Place Where Tranquillity Meets Urban Convenience. Bringing luxury and lifestyle convenience together, this exceptional apartment in the landmark Chatswood Place presents a compelling opportunity for investors, first home buyers and discerning owner-occupiers alike. Designed for effortless contemporary living, the expansive open-plan layout showcases generous proportions, seamlessly integrating a gourmet kitchen of premium quality with the",59,Open-plan layout;Gourmet kitchen;Premium quality;Contemporary living;Landmark building,5,Midland Realty Group,Jeffrey Li,1113.28,10,1034.59,7,10,2,25553,3187500,1180000,371
125,2020767520,https://www.domain.com.au/10-holland-street-chatswood-nsw-2067-2020767520,domain.com.au,2026-08-18T06:00:00Z,"10 Holland Street, Chatswood",Chatswood,2067,4080000,2026-05-07,2026-05-07,0,Sold prior to auction,126,House,3,2,2,657.0,index,0,0,0,"Rare opportunity in a blue-chip Chatswood setting. Offered for the first time in 58 years, this classic Californian bungalow is rich in timeless charm and presents outstanding potential to renovate or extend on a level 657.6sqm block with a 15.24m frontage in one of Chatswood's most prestigious streets. Peacefully positioned yet wonderfully central.",53,Close to transport;Close to shops;Close to schools;Study,4,DiJones - Chatswood,Adam Wong,1113.28,10,1034.59,7,10,2,25553,3187500,1180000,371
126,2020646320,https://www.domain.com.au/178-fullers-road-chatswood-nsw-2067-2020646320,domain.com.au,2026-08-18T06:00:00Z,"178 Fullers Road, Chatswood",Chatswood,2067,2450000,2026-05-06,2026-05-06,0,Private treaty,125,House,4,2,2,695.0,index,0,0,0,"Perfectly positioned in a quiet, leafy pocket of Chatswood, this timeless double-brick family home combines character, quality, and modern comfort. Ready for a growing family to move straight in and enjoy, it offers the perfect blend of suburban peace and urban convenience. Set within walking distance of transport and just minutes from Chatswood's vibrant shopping, dining, and entertainment",58,North facing;Double-brick;Family home;Quiet location;Walking distance to transport,5,DiJones - Lindfield,Mendy Lau,1113.28,10,1034.59,7,10,2,25553,3187500,1180000,371
127,2020580692,https://www.domain.com.au/31-royal-street-chatswood-nsw-2067-2020580692,domain.com.au,2026-08-18T06:00:00Z,"31 Royal Street, Chatswood",Chatswood,2067,4180000,2026-05-05,2026-05-05,0,Private treaty,124,House,5,3,1,,none,0,0,0,"An expression in refined luxury, this brand new freestanding home embodies sophistication with an outstanding double brick and concrete build, impressive proportions and high end inclusions. From the double-height ceilings of the entryway to the resort-like poolside alfresco space privately nestled at the rear, every inch of this exquisite new luxury home reveals breathtaking attention to detail",57,Air conditioning;Close to transport;Close to shops;Swimming Pool;Close to schools;Prestige Homes,6,DiJones - Chatswood,Adam Wong,1113.28,10,1034.59,7,10,2,25553,3187500,1180000,371
128,2020748107,https://www.domain.com.au/19-61-63-hercules-street-chatswood-nsw-2067-2020748107,domain.com.au,2026-08-18T06:00:00Z,"19/61-63 Hercules Street, Chatswood",Chatswood,2067,1355000,2026-05-02,2026-05-02,0,Auction,121,Apartment,3,2,1,93.0,listing,1,0,0,"With an address to adore in a quiet street just metres to Chatswood Chase and Chatswood's bustling heart, this first floor apartment offers more than most. In a small full brick block, it displays a substantial three-bedroom floorplan with a generous living, dining and balcony with an open view. The original classic includes a master",55,Intercom;Pets Allowed;Bath;Secure Parking;Balcony / Deck,5,Ray White AY Realty Chatswood,Andy Yeung,1113.28,10,1034.59,7,10,2,25553,3187500,1180000,371
129,2020731216,https://www.domain.com.au/6-1-goodchap-road-chatswood-nsw-2067-2020731216,domain.com.au,2026-08-18T06:00:00Z,"6/1 Goodchap Road, Chatswood",Chatswood,2067,1080000,2026-05-01,2026-05-01,0,Private treaty,120,Apartment,2,2,1,,none,1,0,0,"Positioned on the top floor of a boutique security building of six and enjoying a prized north-facing aspect with park views, this inviting apartment is a private haven of space, sunlight and elevation. Beautifully presented with scope for future enhancement, it delivers an enviable lifestyle in a peaceful setting with excellent privacy. Sun-drenched open plan living flowing",57,Ensuite;Built in wardrobes;Secure Parking;Balcony,4,McConnell Bourn Sydney,Matthew Bourn,1113.28,10,1034.59,7,10,2,25553,3187500,1180000,371
130,2020690304,https://www.domain.com.au/502-38c-albert-avenue-chatswood-nsw-2067-2020690304,domain.com.au,2026-08-18T06:00:00Z,"502/38C Albert Avenue, Chatswood",Chatswood,2067,1690000,2026-05-01,2026-05-01,0,Private treaty,120,Apartment,2,2,1,123.0,index,1,0,0,"Set high on the fifth floor of Chatswood's sought-after Albert Avenue development, this sleek apartment delivers a polished executive base in the centre of one of Sydney's most connected CBD precincts. A spacious two-bedroom design with dual north-facing balconies give the home an open, airy feel, with natural light that carries through from the living space to both",58,North-facing;Dual balconies;Fifth floor;Natural light;Executive base,5,Shead Property,Isabella (Ni Yang Fang) Yan,1113.28,10,1034.59,7,10,2,25553,3187500,1180000,371
131,2020713234,https://www.domain.com.au/30-524-542-pacific-highway-chatswood-nsw-2067-2020713234,domain.com.au,2026-08-18T06:00:00Z,"30/524-542 Pacific Highway, Chatswood",Chatswood,2067,851000,2026-04-23,2026-04-23,0,Private treaty,112,Apartment,2,1,1,87.0,listing,1,0,0,"Discover an exceptional two bedroom easy care haven with its generous proportions and alfresco balcony. Enjoying an elevated position on the fourth floor of 'Grand Pacific Apartments', it celebrates contemporary style and alfresco entertaining. Its generous layout provides expansive open plan living and dining. The apartment offers a coveted cosmopolitan lifestyle",51,Air conditioning;Floorboards;Built in wardrobes,3,Ray White AY Realty Chatswood,Andy Yeung,1113.28,10,1034.59,7,10,2,25553,3187500,1180000,371
132,2020674158,https://www.domain.com.au/37-25-29-devonshire-street-chatswood-nsw-2067-2020674158,domain.com.au,2026-08-18T06:00:00Z,"37/25-29 Devonshire Street, Chatswood",Chatswood,2067,751000,2026-04-22,2026-04-22,0,Private treaty,111,Apartment,1,1,1,70.0,listing,1,0,0,"Positioned within a well-maintained building in one of Chatswood's most convenient pockets, this generously proportioned one-bedroom apartment presents an excellent opportunity for first home buyers, investors or professionals seeking strong connectivity to Sydney's CBD. Offering a functional layout with well-defined living and bedroom zones, the residence opens to a large covered balcony",52,Covered balcony;Well-maintained building;Convenient location,3,Morton Crows Nest,Konstantin Melnikov,1113.28,10,1034.59,7,10,2,25553,3187500,1180000,371
133,2020693280,https://www.domain.com.au/3505-438-victoria-ave-chatswood-nsw-2067-2020693280,domain.com.au,2026-08-18T06:00:00Z,"3505/438 Victoria Ave, Chatswood",Chatswood,2067,1530000,2026-04-17,2026-04-17,0,Private treaty,106,Apartment,2,2,1,,none,1,0,0,"Luxury Living Above Chatswood CBD. Commanding a prestigious position on the 35th floor of The Grand, this exceptional residence delivers a refined lifestyle in the vibrant heart of Chatswood. Showcasing breathtaking panoramic views and sophisticated contemporary design, this apartment represents the pinnacle of luxury high-rise living. Impeccably appointed, the expansive open-plan living and dining area is framed by floor-to",59,Secure Parking;Swimming Pool - In Ground;Broadband Internet Available;Built in wardrobes;Dishwasher;Gym;Intercom;Air conditioning,8,Realty Professional,Kenny Chan,1113.28,10,1034.59,7,10,2,25553,3187500,1180000,371
134,2019008306,https://www.domain.com.au/1803-438-victoria-avenue-chatswood-nsw-2067-2019008306,domain.com.au,2026-08-18T06:00:00Z,"1803/438 Victoria Avenue, Chatswood",Chatswood,2067,1400000,2026-04-17,2026-04-17,0,Private treaty,106,Apartment,2,2,1,80.0,listing,1,0,0,"Modern, Convenient, and North Aspect in Metro Grand. Located in Chatswood's landmark Metro Grand, this light-filled two-bedroom apartment is positioned perfectly with Chatswood's bustling CBD on its doorstep and ensures a lifestyle of luxury and total convenience. Additionally to its fantastic location benefits, enjoy the 5-star resort-style amenities that the secure building has to offer including an indoor swimming pool, spa, and gym facilities",64,Air conditioning;Ensuite;Gym;Intercom;Built in wardrobes;Internal Laundry;Broadband internet access;Dishwasher;Gas;Secure Parking;Balcony/Deck;Swimming Pool,12,100% Sold Realty,Francis Zhang,1113.28,10,1034.59,7,10,2,25553,3187500,1180000,371
135,2020594982,https://www.domain.com.au/unit-201-10-freeman-rd-chatswood-nsw-2067-2020594982,domain.com.au,2026-08-18T06:00:00Z,"Unit 201/10 Freeman Rd, Chatswood",Chatswood,2067,1735000,2026-04-17,2026-04-17,0,Private treaty,106,Apartment,3,2,1,132.0,listing,1,0,0,"Renovated North-West 3-Bed Ground-Floor Apartment in Solid Full-Brick Building. Positioned in a well-maintained full brick security building, this beautifully renovated apartment offers a rare combination of structural quality, thoughtful upgrades and long-term comfort. With excellent natural light and a substantial Capital Works Fund, it presents an outstanding opportunity for both owner-occupiers and investors. The apartment underwent a comprehensive renovation in 2021",61,Air conditioning;Secure Parking,2,Maestro Property,Kandi Chang,1113.28,10,1034.59,7,10,2,25553,3187500,1180000,371
136,2020706937,https://www.domain.com.au/4-20-moriarty-road-chatswood-nsw-2067-2020706937,domain.com.au,2026-08-18T06:00:00Z,"4/20 Moriarty Road, Chatswood",Chatswood,2067,1150000,2026-04-15,2026-03-24,1,Sold prior to auction,104,Apartment,2,1,1,,none,1,0,0,"Set within a peaceful, tightly-held security block of just 15, this oversized, first floor, two-bedroom apartment presents an outstanding opportunity for both owner-occupiers and investors alike. Showcasing generous proportions throughout, the home features expansive living and dining zones that seamlessly extend to a sun drenched wraparound entertainer's balcony. Ideally positioned just moments",52,Built in wardrobes;Close to transport;Close to shops;Close to schools,4,Home Property Agents,Anthony Somlai,1113.28,10,1034.59,7,10,2,25553,3187500,1180000,371
137,2020692152,https://www.domain.com.au/28-32-beaconsfield-road-chatswood-nsw-2067-2020692152,domain.com.au,2026-08-18T06:00:00Z,"28 - 32 Beaconsfield Road, Chatswood",Chatswood,2067,3350000,2026-04-15,2026-04-15,0,Auction,104,House,6,2,3,1625.0,index,0,0,0,"One of Chatswood's first homes, and a captivating example of its era with fully preserved features throughout, c.1904 'Woodlands' offers a unique and exclusive opportunity with potential galore to explore. Held in one family for nearly a century, it's ready for a new lease on life with its spacious rooms, soaring ceilings and expansive, park-like grounds creating the perfect canvas for future",62,Fully preserved features;soaring ceilings;park-like grounds;c.1904 heritage home,4,Belle Property North Shore,Patrick Lang,1113.28,10,1034.59,7,10,2,25553,3187500,1180000,371
138,2020595163,https://www.domain.com.au/110-544-pacific-highway-chatswood-nsw-2067-2020595163,domain.com.au,2026-08-18T06:00:00Z,"110/544 Pacific Highway, Chatswood",Chatswood,2067,900000,2026-04-14,2026-04-14,0,Private treaty,103,Apartment,2,2,1,,none,1,0,0,"Meticulously designed to create a stylish urban haven with Chatswood's many amenities within easy reach, this quality two bedroom apartment is the quintessential lifestyle pad. Set at the black of the block floor of ""The Gallery"", it showcases a flexible split level floorplan and a sophisticated selection of quality fixtures and finishes to create a residence of",57,Study,1,Ray White AY Realty Chatswood,Andy Yeung,1113.28,10,1034.59,7,10,2,25553,3187500,1180000,371
139,2020695345,https://www.domain.com.au/18-822-pacific-highway-chatswood-nsw-2067-2020695345,domain.com.au,2026-08-18T06:00:00Z,"18/822 Pacific Highway, Chatswood",Chatswood,2067,938000,2026-04-11,2026-04-11,0,Auction,100,Apartment,2,1,1,,none,1,0,0,"Spacious full brick, views, wow-factor convenience with 600m to Metro. On the doorstep of the best retail and entertainment precinct the North Shore has to offer, this spacious full brick apartment sits in a tightly held block, enjoying spectacular treetop views to the Blue Mountains. Freshly painted, interiors showcase a family-sized kitchen with eat-in counter and generous storage, plus a full bathroom with an adjacent powder room. Light streams through large",71,Full brick;Treetop views;Blue Mountains views;Family-sized kitchen;Eat-in counter;Generous storage;Full bathroom;Powder room;Freshly painted;600m to Metro,10,Raine & Horne Lower North Shore,Alex Banning,1113.28,10,1034.59,7,10,2,25553,3187500,1180000,371
140,2020582801,https://www.domain.com.au/12a-range-street-chatswood-nsw-2067-2020582801,domain.com.au,2026-08-18T06:00:00Z,"12a Range Street, Chatswood",Chatswood,2067,1950000,2026-04-10,2026-04-10,0,Private treaty,99,House,3,2,2,,none,0,0,0,"Wonderfully private in a no-through street, this home combines low-maintenance family living with terrific Chatswood West value. Light-filled and solidly built, with a highly versatile floor plan offering in-laws accommodation or a teenage retreat, generous outdoor entertaining spaces, a large kitchen and pleasant leafy outlooks, it provides relaxed comfort now and vast potential in the future.",56,No-through street;Low-maintenance;Versatile floor plan;In-laws accommodation;Teenage retreat;Generous outdoor entertaining spaces;Large kitchen;Leafy outlooks,8,Belle Property North Shore,Patrick Lang,1113.28,10,1034.59,7,10,2,25553,3187500,1180000,371
141,2020635883,https://www.domain.com.au/8-lone-pine-avenue-chatswood-nsw-2067-2020635883,domain.com.au,2026-08-18T06:00:00Z,"8 Lone Pine Avenue, Chatswood",Chatswood,2067,3300000,2026-04-09,2026-04-09,0,Sold prior to auction,98,House,4,3,1,,none,0,0,0,"From the moment you enter the front courtyard of this wonderful home, you'll feel your cares fall away as calm descends. Providing a paradise of relaxed modern comfort, in a setting of perfect privacy graced by birdsong and soft breezes, it offers a uniquely charming opportunity complete with dual-family potential. There's three versatile living areas plus a sunroom and study to enjoy, beautiful",63,Study,1,Belle Property North Shore,Patrick Lang,1113.28,10,1034.59,7,10,2,25553,3187500,1180000,371
142,2020675260,https://www.domain.com.au/14-15-19-church-street-chatswood-nsw-2067-2020675260,domain.com.au,2026-08-18T06:00:00Z,"14/15-19 Church Street, Chatswood",Chatswood,2067,1175000,2026-04-09,2026-03-12,1,Sold prior to auction,98,Apartment,2,1,1,99.0,listing,1,0,0,"Bright and airy with windows in every room, this newly renovated apartment with one common wall is set at the rear of a well-maintained building. The light washed design centres around an impressive living zone connecting to an entertaining balcony promising sheer relaxation. Nestled in a quiet yet central location, it's a stroll to Chatswood CBD, Chatswood Chase, city buses, numerous eateries",62,Newly renovated;Natural light;Entertaining balcony;Quiet location;Central location;Well-maintained building,6,DiJones - Chatswood,Adam Wong,1113.28,10,1034.59,7,10,2,25553,3187500,1180000,371
143,2020688534,https://www.domain.com.au/15-14-16-freeman-road-chatswood-nsw-2067-2020688534,domain.com.au,2026-08-18T06:00:00Z,"15/14-16 Freeman Road, Chatswood",Chatswood,2067,708000,2026-04-08,2026-04-16,1,Private treaty,97,Apartment,1,1,1,71.0,listing,1,0,0,"Nestled peacefully towards the end of a cul-de-sac, this stylish apartment delivers the perfect blend of lifestyle and liveability. Set back in the block on the 4th floor of 'Serenity', it presents a spacious and open layout with both the living zones and the generous master extending out to the expansive entertainer's balcony. The outlook is blissful and serene over",60,Balcony;Cul-de-sac location;4th floor;Open layout,4,Ray White AY Realty Chatswood,Andy Yeung,1113.28,10,1034.59,7,10,2,25553,3187500,1180000,371
144,2020646712,https://www.domain.com.au/202-31-bertram-street-chatswood-nsw-2067-2020646712,domain.com.au,2026-08-18T06:00:00Z,"202/31 Bertram Street, Chatswood",Chatswood,2067,1350000,2026-04-08,2026-04-08,0,Private treaty,97,Apartment,2,2,1,,none,1,0,0,"Discover contemporary living in this beautifully appointed apartment, superbly located in the vibrant heart of Chatswood. Thoughtfully designed for modern lifestyles, it offers a seamless blend of comfort, style and convenience. The open plan living and dining area extends effortlessly onto a private balcony, ideal for entertaining or unwinding at the end of the day",55,Open plan living;Private balcony;Contemporary design;Modern lifestyle,4,Ray White AY Realty Chatswood,Andy Yeung,1113.28,10,1034.59,7,10,2,25553,3187500,1180000,371
145,2020678546,https://www.domain.com.au/211-fullers-road-chatswood-nsw-2067-2020678546,domain.com.au,2026-08-18T06:00:00Z,"211 Fullers Road, Chatswood",Chatswood,2067,3100000,2026-04-04,2026-04-04,0,Sold prior to auction,93,House,4,1,1,803.0,index,0,0,0,"Private modern retreat with majestic bush backdrop. The essence of modern elegance, this beautiful family home showcases expansive living zones cascading to well manicured gardens and an enticing pool with majestic bush backdrop. Its quiet street is minutes to Chatswood Station, the Metro and shopping hub. Thoughtful design set over one level on a lush 803sqm block. Sophisticated living room unfolds to vast family/dining zone. Lovely sun trap",68,Air conditioning;Built in wardrobes;Close to transport;Close to shops;Swimming Pool;Pets Allowed;Close to schools;Openable Windows;Floorboards,9,McGrath Crows Nest,Aris Varvarian,1113.28,10,1034.59,7,10,2,25553,3187500,1180000,371
146,2020715937,https://www.domain.com.au/102-17-albert-avenue-chatswood-nsw-2067-2020715937,domain.com.au,2026-08-18T06:00:00Z,"102/17 Albert Avenue, Chatswood",Chatswood,2067,842500,2026-04-02,2026-04-02,0,Private treaty,91,Apartment,1,1,,,none,1,0,0,"Sun-Drenched Sophistication in a Premier Urban Hub. Experience the pinnacle of cosmopolitan living at Chatswood Place. This oversized one-bedroom sanctuary offers a rare combination of architectural elegance and a prized due-north orientation, ensuring the interiors are washed in natural light throughout the day. Designed for those who appreciate a walk-to-everything lifestyle, this residence",53,Due-north orientation;Sun-drenched;Natural light;Walk-to-everything lifestyle,4,Ray White Everest Group,Charles Yuanchao Pei,1113.28,10,1034.59,7,10,2,25553,3187500,1180000,371
147,2020545589,https://www.domain.com.au/13-11-13-sutherland-road-chatswood-nsw-2067-2020545589,domain.com.au,2026-08-18T06:00:00Z,"13/11-13 Sutherland Road, Chatswood",Chatswood,2067,1625000,2026-04-02,2026-04-02,0,Private treaty,91,Apartment,3,2,2,198.0,listing,1,0,0,"Nestled within the quiet and tranquil surrounds of Sutherland Park, this modern full-brick courtyard apartment is an absolute standout with its impressive 198sqm on title space and vast wraparound entertaining terrace. The unique ground floor, corner position offers level entry, natural light and outdoor access creating a flowing, breezy ambience. Well-presented",51,Close to transport;Close to shops;Close to schools,3,DiJones - Chatswood,Adam Wong,1113.28,10,1034.59,7,10,2,25553,3187500,1180000,371
148,2020643278,https://www.domain.com.au/11-14-16-freeman-road-chatswood-nsw-2067-2020643278,domain.com.au,2026-08-18T06:00:00Z,"11/14-16 Freeman Road, Chatswood",Chatswood,2067,745000,2026-04-02,2026-04-02,0,Private treaty,91,Apartment,1,1,1,99.0,index,1,0,0,"Nestled in a peaceful cul-de-sac setting, this beautifully presented apartment delivers a relaxed parkside lifestyle with a prized north-east aspect and an expansive sun-washed terrace. Designed for effortless living and entertaining, the interiors reveal a seamless indoor-outdoor connection framed by tranquil leafy outlooks. At the heart of the home, the stylish stone kitchen has been fully",56,North-east facing;Newly renovated;Stone kitchen;Terrace;Parkside lifestyle,5,De Brennan Property,Michael Bao,1113.28,10,1034.59,7,10,2,25553,3187500,1180000,371
149,2020729440,https://www.domain.com.au/26-21-johnson-street-chatswood-nsw-2067-2020729440,domain.com.au,2026-08-18T06:00:00Z,"26/21 Johnson Street, Chatswood",Chatswood,2067,1320000,2026-04-01,2026-04-01,0,Private treaty,90,Apartment,2,1,1,117.0,listing,1,0,0,"A superb address steps from the heart of Chatswood adds immense appeal to this oversized apartment. Set on the 6th floor and embraced by a wraparound entertaining terrace, it captures panoramic district views to the city skyline and an abundance of natural light. This apartment enjoys a level of peace and privacy that belies its outstanding position just moments from Chatswood Park and an easy",65,6th floor;wraparound entertaining terrace;panoramic district views;city skyline views;natural light;near Chatswood Park,6,DiJones - Chatswood,Adam Wong,1113.28,10,1034.59,7,10,2,25553,3187500,1180000,371
150,2020656413,https://www.domain.com.au/4-269-victoria-avenue-chatswood-nsw-2067-2020656413,domain.com.au,2026-08-18T06:00:00Z,"4/269 Victoria Avenue, Chatswood",Chatswood,2067,1443000,2026-03-30,2026-03-30,0,Auction,88,Apartment,2,2,2,117.0,listing,1,0,0,"Privately positioned at the peaceful rear of the boutique Malandrin Court complex, this light-filled first-floor apartment offers leafy outlooks, excellent privacy and a quiet setting away from the street. Set within a tightly held block of just six residences, it enjoys the rare benefit of no common walls and a tranquil secure position within the building. Delivering walk-to-everything",58,Air conditioning;Close to transport;Close to shops;Close to schools,4,DiJones - Chatswood,Adam Wong,1113.28,10,1034.59,7,10,2,25553,3187500,1180000,371
151,2020727825,https://www.domain.com.au/1707-7-railway-street-chatswood-nsw-2067-2020727825,domain.com.au,2026-08-18T06:00:00Z,"1707/7 Railway Street, Chatswood",Chatswood,2067,2150000,2026-03-31,2026-03-31,0,Private treaty,89,Apartment,2,2,1,114.0,listing,1,0,0,"Positioned within Mirvac's highly sought-after ERA development, this sophisticated two-bedroom apartment delivers the perfect blend of contemporary design, quality craftsmanship, and unrivalled convenience. Designed with both comfort and functionality in mind, the open-plan living and dining area flows seamlessly to create an inviting",43,Open-plan living;Contemporary design;Quality craftsmanship;Mirvac ERA development,4,Ray White AY Realty Chatswood,Henry Wong,1113.28,10,1034.59,7,10,2,25553,3187500,1180000,371
152,2020642506,https://www.domain.com.au/11-25-31-johnson-street-chatswood-nsw-2067-2020642506,domain.com.au,2026-08-18T06:00:00Z,"11/25-31 Johnson Street, Chatswood",Chatswood,2067,1120000,2026-03-27,2026-03-27,0,Sold prior to auction,85,Apartment,2,1,1,131.0,listing,1,0,0,"Positioned in a quality Mirvac development, this well-located apartment offers effortless living with lift access to the second floor and an unbeatable address just moments from the heart of Chatswood. Enjoy the ultimate convenience with Chatswood Interchange, shopping, dining and the CBD all only metres from your door. Features include: Secure Mirvac-built complex with lift access to the 2nd",59,Close to transport;Close to shops;Intercom;Pets Allowed;Close to schools;Security Access;Lift Installed;Car Parking - Basement,8,Stone Crows Nest,David Hill,1113.28,10,1034.59,7,10,2,25553,3187500,1180000,371
153,2020702675,https://www.domain.com.au/12-44-46-archer-street-chatswood-nsw-2067-2020702675,domain.com.au,2026-08-18T06:00:00Z,"12/44-46 Archer Street, Chatswood",Chatswood,2067,1318000,2026-03-26,2026-03-26,0,Private treaty,84,Apartment,2,1,1,1527.0,index,1,0,1,"When space, quality and location are at the top of the wish list, then this exceptional apartment will meet every requirement. Wrapping around the corner of 'Archwood' and enjoying an elevated 4th floor position, it promises an enviable lifestyle right in the heart of Chatswood's CBD hub. Step into the lift for level access to its front door and discover a sweeping",62,Air conditioning;Intercom;Internal Laundry;Dishwasher;Secure Parking;Balcony / Deck;Garden / Courtyard,7,Ray White AY Realty Chatswood,Andy Yeung,1113.28,10,1034.59,7,10,2,25553,3187500,1180000,371
154,2020671443,https://www.domain.com.au/24-755-759-pacific-highway-chatswood-nsw-2067-2020671443,domain.com.au,2026-08-18T06:00:00Z,"24/755-759 Pacific Highway, Chatswood",Chatswood,2067,1090000,2026-03-25,2026-03-25,0,Private treaty,83,Apartment,2,2,1,102.0,listing,1,0,0,"Stylish Apartment Living Providing the Ultimate in Convenience. Positioned on the sixth floor of this modern security building, this light and airy full brick apartment provides brilliant convenience, moments to the Interchange, Metro and all of Chatswood's vibrant shopping and abundant dining options. Featuring well-appointed contemporary interiors with new paint and carpets, abundant natural light and a generous balcony, the apartment is perfect for both",65,Modern security building;Sixth floor;Light and airy;Full brick;New paint and carpets;Generous balcony;Contemporary interiors,7,Sydney Sotheby's International Realty,Wendy Wenjing Xu,1113.28,10,1034.59,7,10,2,25553,3187500,1180000,371
155,2020577532,https://www.domain.com.au/33-royal-street-chatswood-nsw-2067-2020577532,domain.com.au,2026-08-18T06:00:00Z,"33 Royal Street, Chatswood",Chatswood,2067,2720000,2026-03-25,2026-03-25,0,Private treaty,83,House,3,1,,367.0,index,0,0,0,"Beyond its timeless character facade, this captivating Californian bungalow effortlessly marries original period appeal with quality modern enhancements encouraging a family friendly lifestyle in a prized tranquil pocket. Accented with high ornate ceilings and warm timber floorboards, the functional design incorporates a welcoming living zone stepping down to a generous open plan family/dining",53,Air conditioning;Heating;Built in wardrobes;Close to transport;Close to shops;Close to schools;Floorboards,7,Atlas Lower North Shore,Peter Kakos,1113.28,10,1034.59,7,10,2,25553,3187500,1180000,371
156,2020710344,https://www.domain.com.au/1902-2a-help-street-chatswood-nsw-2067-2020710344,domain.com.au,2026-08-18T06:00:00Z,"1902/2A Help Street, Chatswood",Chatswood,2067,1600000,2026-03-25,2026-03-25,0,Private treaty,83,Apartment,2,2,1,126.0,listing,1,0,0,"Sold Off-Market by Adam Wong! Stylish 'Regency' 2-Bed plus Study Apartment Enjoys Prized North-East Views and Ultimate Convenience. Soaring 19 floors above Chatswood in the highly regarded 'Regency' complex, this stylish oversized apartment delivers a quality lifestyle in one of the area's finest locations. Step out to the generous balcony and take in the magnificent district panoramas. The apartment is fresh and modern ready to move into or lease out with a security car space, concierge service and pool. It rests only",82,North-east views;Balcony;Pool;Concierge service;Security car space;19 floors;Modern,7,DiJones - Chatswood,Adam Wong,1113.28,10,1034.59,7,10,2,25553,3187500,1180000,371
157,2020351901,https://www.domain.com.au/9-2-6-bowen-street-chatswood-nsw-2067-2020351901,domain.com.au,2026-08-18T06:00:00Z,"9/2-6 Bowen Street, Chatswood",Chatswood,2067,889000,2026-03-24,2026-03-24,0,Private treaty,82,Apartment,2,1,1,118.2,listing,1,0,0,"Low-Maintenance Investment in Ultra-Convenient Setting. Positioned in an ultra-convenient yet peaceful pocket, this spacious two-bedroom apartment presents an outstanding opportunity for investors seeking a well-located, low-maintenance asset. With strong tenant appeal thanks to its leafy outlook, generous proportions and proximity to major transport, shopping and dining, the property offers excellent long-term investment potential.",53,Built in wardrobes;Close to transport;Close to shops;Intercom;Pets Allowed;Close to schools;Security Access;Car Parking - Basement,8,Stone Crows Nest,David Hill,1113.28,10,1034.59,7,10,2,25553,3187500,1180000,371
158,2020581981,https://www.domain.com.au/10-ivy-street-chatswood-nsw-2067-2020581981,domain.com.au,2026-08-18T06:00:00Z,"10 Ivy Street, Chatswood",Chatswood,2067,4168000,2026-03-23,2026-02-05,1,Private treaty,81,House,5,3,2,665.0,index,0,0,0,"Architect-designed and custom built, this immaculately renovated double-brick residence presents a refined statement of space, quality and versatility across three expansive levels. Showcasing almost 400sqm of internal living space, the home has been designed to deliver exceptional comfort, privacy and flexibility, ideal for discerning families and multi-generational living.",48,Air conditioning;Close to transport;Close to shops;Close to schools;Study,5,DiJones - Chatswood,Adam Wong,1113.28,10,1034.59,7,10,2,25553,3187500,1180000,371
159,2020636960,https://www.domain.com.au/10-mclean-avenue-chatswood-nsw-2067-2020636960,domain.com.au,2026-08-18T06:00:00Z,"10 Mclean Avenue, Chatswood",Chatswood,2067,3180000,2026-03-21,2026-03-21,0,Auction,79,House,3,2,2,778.0,index,0,0,0,"Beautifully preserved and recently updated, this immaculate single-level Californian bungalow delivers a move-in-ready haven and potential to create a substantial family home (STCA) within a stroll of schools and the Chatswood CBD. With rich dark timber detailing, window seats and leadlights echoing the charm of its glory days, 'Milne' features formal living and dining rooms, a modernised kitchen",58,Californian bungalow;single-level;move-in-ready;formal living;formal dining;modernised kitchen,6,Clarke & Humel Property,Shabina Kamal,1113.28,10,1034.59,7,10,2,25553,3187500,1180000,371
160,2020289095,https://www.domain.com.au/31-524-542-pacific-highway-chatswood-nsw-2067-2020289095,domain.com.au,2026-08-18T06:00:00Z,"31/524-542 Pacific Highway, Chatswood",Chatswood,2067,920000,2026-03-20,2026-03-28,1,Private treaty,78,Apartment,2,2,1,,none,1,0,0,"Fresh, bright and ready for contemporary living, the clever floorplan of this inviting fourth floor apartment provides balcony access from all its major rooms. Thoughtful design features carry through the rest of the apartment, including an impressive master suite, two pristine bathrooms, and a fully integrated living space for high functionality. Centrally located",53,Balcony access;Master suite;Integrated living space,3,Ray White AY Realty Chatswood,Timothy Chai,1113.28,10,1034.59,7,10,2,25553,3187500,1180000,371
161,2020574582,https://www.domain.com.au/12-782-pacific-highway-rear-of-the-block-chatswood-nsw-2067-2020574582,domain.com.au,2026-08-18T06:00:00Z,"12/782 Pacific Highway (rear of the block), Chatswood",Chatswood,2067,1160000,2026-03-20,2026-03-20,0,Private treaty,78,Apartment,3,1,1,125.0,listing,1,0,0,"Enjoying a peaceful rear position in a tightly held boutique security block, this top-floor apartment offers a superb sense of space, privacy and lifestyle appeal. One of only twelve residences, it extends along the side and rear of the building with a semi-like floorplan and an impressive connection to the outdoors through multiple balconies. Elevated and awash with",58,Rear position;Security block;Top-floor;Multiple balconies;Peaceful,5,Ray White AY Realty Chatswood,Andy Yeung,1113.28,10,1034.59,7,10,2,25553,3187500,1180000,371
162,2020529180,https://www.domain.com.au/1a-1-7-whitton-road-chatswood-nsw-2067-2020529180,domain.com.au,2026-08-18T06:00:00Z,"1A/1-7 Whitton Road, Chatswood",Chatswood,2067,1800000,2026-03-20,2026-03-20,0,Private treaty,78,Apartment,3,2,1,222.0,index,1,0,0,"Spacious garden apartment in serene leafy address. Enjoying a ground floor setting in a boutique collection of twelve, this light-filled apartment showcases oversized proportions and seamless flow to wraparound gardens and sublime alfresco entertaining. A stroll to schools, the Metro and Chatswood CBD. Private corner setting basks in sun washed north-west aspect. Spacious house-inspired floorplan spanning 222 sqm on-title. Marble foyer entry.",62,Ground floor;Corner setting;North-west aspect;Wraparound gardens;Marble foyer;Alfresco entertaining;Near schools;Near Metro;Near Chatswood CBD,9,McGrath Lower North Shore - Mosman,Jon Snead,1113.28,10,1034.59,7,10,2,25553,3187500,1180000,371
163,2020556106,https://www.domain.com.au/26-valerie-avenue-chatswood-nsw-2067-2020556106,domain.com.au,2026-08-18T06:00:00Z,"26 Valerie Avenue, Chatswood",Chatswood,2067,2808000,2026-03-20,2026-03-20,0,Private treaty,78,House,3,2,2,588.0,index,0,0,0,"To be sold for only the second time and freshly renovated with nothing to be done, this spacious full brick home offers low maintenance living predominantly on the one level featuring all-new interiors, quality finishes and scenic tree-filled views. The home is gently elevated on approx. 588sqm featuring a northeasterly aspect, has picture windows in most rooms framing the leafy outlooks and",62,Freshly renovated;Full brick;Low maintenance;Northeasterly aspect;Tree-filled views;Picture windows;Single level,7,Belle Property North Shore,Patrick Lang,1113.28,10,1034.59,7,10,2,25553,3187500,1180000,371
164,2020009395,https://www.domain.com.au/317-mowbray-road-chatswood-nsw-2067-2020009395,domain.com.au,2026-08-18T06:00:00Z,"317 Mowbray Road, Chatswood",Chatswood,2067,4800000,2026-03-19,2026-03-19,0,Private treaty,77,House,5,4,3,,none,0,0,0,"ANOTHER STREET RECORD SOLD BY HENRY WONG - RAY WHITE AY REALTY CHATSWOOD. The very essence of grand Federation excellence, this beautiful heritage home presides on high side, luxury, sophisticated flair. Fenced and privatised from the road, it enjoys dual street frontages and easy driveway access via Young Street. Framed in magnificent parterre gardens and wrapped in deep verandas, the impeccable property offers an opportunity to enjoy a",68,Shed;Swimming Pool,2,Ray White AY Realty Chatswood,Henry Wong,1113.28,10,1034.59,7,10,2,25553,3187500,1180000,371
165,2020688606,https://www.domain.com.au/605-2a-help-street-chatswood-nsw-2067-2020688606,domain.com.au,2026-08-18T06:00:00Z,"605/2A Help Street, Chatswood",Chatswood,2067,1435000,2026-03-17,2026-03-17,0,Sold prior to auction,75,Apartment,2,2,1,110.0,index,1,0,0,"Oversized Two-Bedroom + Study Retreat in the Heart of Chatswood. Set in the vibrant heart of Chatswood, this sun-filled apartment within the prestigious Regency complex offers an exceptional blend of space, comfort and lifestyle convenience. Excellent transport links, schools and parklands are all just moments away. It is perfect for downsizers, a young family looking for more space or an executive couple wanting an easy care home.",67,Oversized two-bedroom;Study retreat;Sun-filled;Resort inspired;Heart of Chatswood;Transport links;Schools nearby;Parklands,8,Midland Realty Group,Jeffrey Li,1113.28,10,1034.59,7,10,2,25553,3187500,1180000,371
166,2020999964,https://www.domain.com.au/4-139-153-middle-head-road-mosman-nsw-2088-2020999964,domain.com.au,2026-08-18T06:00:00Z,"4/139-153 Middle Head Road, Mosman",Mosman,2088,2600000,2026-08-14,2026-07-16,1,Sold prior to auction,225,Apartment,3,2,2,,none,1,0,0,"Situated in a tightly held boutique complex in the heart of Mosman, this stunning apartment offers an easy care lifestyle of absolute convenience. Boasting spacious light filled interiors and level lift access, this is a rare offering that will appeal to downsizers and/or busy professionals. Features include: Freshly painted throughout, polished floorboards, ducted air-conditioning. Generous",55,Built in wardrobes;Close to schools;Close to shops;Close to transport;Ensuite;Intercom,6,Murphy Residential,David Murphy,1168.953115,10,1109.539971,10,10,8,28329,3565500,1340000,576
167,2020960999,https://www.domain.com.au/14-669-military-road-mosman-nsw-2088-2020960999,domain.com.au,2026-08-18T06:00:00Z,"14/669 Military Road, Mosman",Mosman,2088,1600000,2026-08-12,2026-08-12,0,Private treaty,223,Apartment,2,1,1,96.0,index,1,0,0,"Sophisticated Village Living with Sweeping Harbour Views. The essence of sophistication, this beautiful full brick apartment showcases timeless modern interiors with mesmerising harbour panoramas spanning over to Manly and beyond to the ocean's edge. Basking in its premier north east facing aspect, the considered light washed design delivers elegant living zones extending to a spacious balcony, while the communal rooftop terrace promises spectacular",63,Floorboards;Intercom;Built in wardrobes;Pets Allowed;Cable or Satellite;Gas;Broadband internet access;Bath;Separate Dining Room;Heating;Dishwasher;Study;Secure Parking;Fully fenced;Balcony / Deck;Garden / Courtyard;Water Views;North Facing;Energy efficient appliances;Water efficient appliances;Wall / ceiling insulation;Water efficient fixtures,22,Raine & Horne Mosman,Andrew Bowden,1168.953115,10,1109.539971,10,10,8,28329,3565500,1340000,576
168,2021004400,https://www.domain.com.au/9-71-avenue-road-mosman-nsw-2088-2021004400,domain.com.au,2026-08-18T06:00:00Z,"9/71 Avenue Road, Mosman",Mosman,2088,700000,2026-08-10,2026-08-10,0,Private treaty,221,Apartment,1,1,1,,none,1,0,0,"Privately set back from the street in a boutique block, this peaceful first floor apartment reveals welcoming interiors with a light infused ambience and wide picture windows enhancing elevated outlooks sweeping to the North Sydney skyline. Ready for instant enjoyment, the peaceful haven promises an easy care lifestyle of comfort and unmatched convenience in an exclusive harbourside pocket.",58,Bath;Built in wardrobes;Close to schools;Close to shops;Close to transport,5,Pello Lower North Shore,Titan Davis,1168.953115,10,1109.539971,10,10,8,28329,3565500,1340000,576
169,2020876627,https://www.domain.com.au/3-6-brierley-street-mosman-nsw-2088-2020876627,domain.com.au,2026-08-18T06:00:00Z,"3/6 Brierley Street, Mosman",Mosman,2088,975000,2026-08-04,2026-08-04,0,Private treaty,215,Apartment,2,1,,,none,1,0,0,"Tucked away in the boutique 'Carmel' block, this charming apartment presents an effortless blend of its original period refinement with stylish modern enhancements. Of blissful convenience, it's a stroll to Spofforth Street shops, eateries and city buses. Corner position in adorable secure block of four apartments. Inviting living and dining room features high ornate ceilings. Modern galley.",57,Corner position;Secure block;High ornate ceilings;Modern galley;Stroll to shops and eateries,5,McGrath Lower North Shore - Mosman,Jon Snead,1168.953115,10,1109.539971,10,10,8,28329,3565500,1340000,576
170,2020984830,https://www.domain.com.au/11-23-warringah-road-mosman-nsw-2088-2020984830,domain.com.au,2026-08-18T06:00:00Z,"11/23 Warringah Road, Mosman",Mosman,2088,865000,2026-07-31,2026-07-31,0,Private treaty,211,Apartment,1,1,1,,none,1,0,0,"Sunlit Top-Floor Apartment with Coastal Outlook. Holding a prized position in a boutique security building, this renovated apartment captures stunning north-east views across Chinamans Beach to Clontarf. Bathed in natural light, the spacious living and dining areas flow effortlessly to the outlook, creating a peaceful coastal retreat. Quietly positioned yet only moments from Spit Junction, Balmoral and Chinamans Beach, with easy access to",63,Top-floor;Security building;North-east views;Renovated;Coastal outlook;Natural light,6,Pello Lower North Shore,Mitchell Soineva,1168.953115,10,1109.539971,10,10,8,28329,3565500,1340000,576
171,2020977668,https://www.domain.com.au/6-40-raglan-street-mosman-nsw-2088-2020977668,domain.com.au,2026-08-18T06:00:00Z,"6/40 Raglan Street, Mosman",Mosman,2088,1600000,2026-07-27,2026-07-27,0,Sold prior to auction,207,Apartment,2,1,1,103.0,index,1,0,0,"Enjoying panoramic views of Sydney Harbour and the Opera House and bathed in year round sunshine, this spacious apartment represents a rare opportunity for those looking to renovate and unlock exciting potential. Situated in a well maintained security complex close to the ferry, this is a blue chip offering in the company of some of Sydney's finest harbourside homes.",59,Built in wardrobes;City Views;Close to schools;Close to shops;Close to transport;Security Access,6,Murphy Residential,David Murphy,1168.953115,10,1109.539971,10,10,8,28329,3565500,1340000,576
172,2020838855,https://www.domain.com.au/142-15-hale-road-mosman-nsw-2088-2020838855,domain.com.au,2026-08-18T06:00:00Z,"142/15 Hale Road, Mosman",Mosman,2088,3800000,2026-07-24,2026-07-27,1,Private treaty,204,Retirement living,3,2,2,,none,1,0,0,"A Rare Opportunity in 'The Manors' - Single Level, Free Standing Villa Luxury. Redefining expectations for over 55s living, this premier villa within the prestigious 'The Manors' estate offers a rare blend of house-like proportions and single-level ease. Designed for discerning downsizers, this villa combines a sense of community with the privacy of a freestanding residence in a coveted Mosman pocket. Bathed in natural light and framed by lush greenery, the interiors",72,Single-level;Freestanding villa;Natural light;Lush greenery;Over 55s community,5,Ray White Lower North Shore Group,Samuel Petrou,1168.953115,10,1109.539971,10,10,8,28329,3565500,1340000,576
173,2020579143,https://www.domain.com.au/5-botanic-road-mosman-nsw-2088-2020579143,domain.com.au,2026-08-18T06:00:00Z,"5 Botanic Road, Mosman",Mosman,2088,8700000,2026-07-22,2026-06-10,1,Private treaty,202,House,4,3,2,,none,0,0,0,"A Beach House of Rare Style, Space and Luxury. Just a short and level stroll to the sand of Balmoral Beach and set in the most private and tranquil setting, this innovative easy-care residence captures contemporary family living at its finest. Architect designed and benefitted by a wide 20m frontage, generous living and dining areas open seamlessly onto a spacious and private entertaining terrace overlooking the lap pool and landscaped gardens",71,Beach proximity;Lap pool;Landscaped gardens;Architect designed;Contemporary family living;Private entertaining terrace;Easy-care residence,7,Simeon Partners,Richard Simeon,1168.953115,10,1109.539971,10,10,8,28329,3565500,1340000,576
174,2020906391,https://www.domain.com.au/8-6-punch-street-mosman-nsw-2088-2020906391,domain.com.au,2026-08-18T06:00:00Z,"8/6 Punch Street, Mosman",Mosman,2088,700000,2026-07-20,2026-07-20,0,Sold prior to auction,200,Apartment,1,1,,,none,1,0,0,"Quietly positioned at the rear of a well maintained building, this one-bedroom apartment delivers an ideal blend of contemporary finishes and classic appeal. Perfect for first home buyers or investors, the low-maintenance layout features a bright living area where expansive windows fill the interiors with natural light. Extending out to a private, leafy balcony, this apartment balances style with",59,Bright living area;Expansive windows;Private leafy balcony;Contemporary finishes;Classic appeal;Low-maintenance layout;Rear position;Well maintained building,8,Ray White Lower North Shore Group,Samuel Petrou,1168.953115,10,1109.539971,10,10,8,28329,3565500,1340000,576
175,2020912133,https://www.domain.com.au/4-3-millett-road-mosman-nsw-2088-2020912133,domain.com.au,2026-08-18T06:00:00Z,"4/3 Millett Road, Mosman",Mosman,2088,1050000,2026-07-16,2026-07-16,0,Private treaty,196,Apartment,2,1,1,,none,1,0,0,"Fully Renovated, Tranquil Retreat. Tucked away in a leafy, private setting, this beautifully renovated two-bedroom apartment offers a serene lifestyle retreat just moments from Mosman Bay Wharf and Avenue Road cafes. The peaceful surroundings create an almost rainforest-like atmosphere, while ferry access to the city is conveniently positioned at the end of Avenue Road. Immaculately presented throughout, this ground-floor",59,Fully renovated;Ground floor;Leafy setting;Rainforest-like atmosphere;Ferry access;Serene lifestyle,6,Vernon Partners,Richie Tramontana,1168.953115,10,1109.539971,10,10,8,28329,3565500,1340000,576
176,2020899047,https://www.domain.com.au/7-154-raglan-street-mosman-nsw-2088-2020899047,domain.com.au,2026-08-18T06:00:00Z,"7/154 Raglan Street, Mosman",Mosman,2088,785000,2026-07-14,,0,,194,Apartment,1,1,1,,none,1,0,0,"Newly Renovated 1 Bedroom Delight. Positioned privately on the top floor within a double brick complex, this newly renovated one-bedroom apartment delivers an abundance of natural light with a refined blend of space and low-maintenance living. Recently refreshed throughout, the property features new kitchen with stone benchtops, dishwasher, induction cooktop, with ample storage offering both functionality and modern appeal.",59,Balcony;Secure Parking;Dishwasher,3,Exclusive Real Estate,Andrew Bova,1168.953115,10,1109.539971,10,10,8,28329,3565500,1340000,576
177,2020939709,https://www.domain.com.au/20-96-ourimbah-road-mosman-nsw-2088-2020939709,domain.com.au,2026-08-18T06:00:00Z,"20/96 Ourimbah Road, Mosman",Mosman,2088,1030000,2026-07-07,,0,Auction,187,Apartment,2,1,1,,none,1,0,0,"Privately set back in a well maintained block, this charming first floor apartment unveils thoughtfully updated interiors exuding a calming and light washed ambiance. Capturing lush tropical outlooks from most aspects, the wonderfully peaceful home offers a sun filled living/dining room flowing to a sheltered balcony with glimpses over to Quakers Hat Bay. Desirably positioned in a prized quiet",59,Built in wardrobes;Close to transport;Close to shops;Close to schools;Floorboards;Balcony;Dishwasher,7,Pello Lower North Shore,Titan Davis,1168.953115,10,1109.539971,10,10,8,28329,3565500,1340000,576
178,2020876945,https://www.domain.com.au/4-125-raglan-street-mosman-nsw-2088-2020876945,domain.com.au,2026-08-18T06:00:00Z,"4/125 Raglan Street, Mosman",Mosman,2088,990000,2026-07-07,2026-07-07,0,Sold prior to auction,187,Apartment,2,1,,,none,1,0,0,"Beautiful Lifestyle Home in Prized Mosman Location. Tucked away peacefully in a well maintained boutique block, this enticing first floor apartment reveals beautifully updated interiors centred around a charming living/dining room capturing elevated views towards the harbour. Ready for immediate enjoyment, the carefree modern home features stylish modern finishes and windows on three sides creating a sublime light filled atmosphere. Embraced in",62,Built in wardrobes;Close to schools;Close to shops;Close to transport;Dishwasher;Floorboards;Intercom,7,Pello Lower North Shore,Titan Davis,1168.953115,10,1109.539971,10,10,8,28329,3565500,1340000,576
179,2020957885,https://www.domain.com.au/22-43-musgrave-street-mosman-nsw-2088-2020957885,domain.com.au,2026-08-18T06:00:00Z,"22/43 Musgrave Street, Mosman",Mosman,2088,1310000,2026-07-03,,0,Auction,183,Apartment,2,1,1,,none,1,0,0,"Positioned on the second floor of the tightly held Kelburne building, this beautifully presented apartment offers an exceptional blend of lifestyle, convenience and harbourside living. With access to an expansive rooftop terrace capturing breathtaking views of the Harbour Bridge, Sydney Opera House, city skyline and sparkling harbour, it delivers a truly special Sydney lifestyle.",54,Air conditioning;Balcony;Bath;Built in wardrobes;City Views;Close to schools;Close to shops;Close to transport;Lift Installed;Water Views,10,Belle Property Lower North Shore - Mosman,Harrison Schmidt,1168.953115,10,1109.539971,10,10,8,28329,3565500,1340000,576
180,2020858714,https://www.domain.com.au/22-96-ourimbah-road-mosman-nsw-2088-2020858714,domain.com.au,2026-08-18T06:00:00Z,"22/96 Ourimbah Road, Mosman",Mosman,2088,1025000,2026-07-03,2026-07-03,0,Private treaty,183,Apartment,2,1,1,102.2,listing,1,0,0,"Morning sunlight, style, location and practicality make this the perfect Mosman apartment. Set well back from the street in a quiet and private position, this beautifully renovated two-bedroom apartment offers a warm and welcoming place to call home. With its perfect east-facing aspect, the apartment is filled with lovely morning sunlight and features a practical floorplan designed for comfortable, easy living. The generous open-plan living and dining area flows out to a sunny balcony",74,Balcony / Deck;Built in wardrobes;Dishwasher;Floorboards;Remote Garage,5,Richardson & Wrench Mosman/Neutral Bay,,1168.953115,10,1109.539971,10,10,8,28329,3565500,1340000,576
181,2020897096,https://www.domain.com.au/3-gordon-street-mosman-nsw-2088-2020897096,domain.com.au,2026-08-18T06:00:00Z,"3 Gordon Street, Mosman",Mosman,2088,7650000,2026-07-02,,0,Auction,182,House,5,2,2,490.0,index,0,0,0,"Discreetly set behind an idyllic landscaped frontage upon a wide Balmoral Slopes street, this grand scale family home delivers the luxury of space within supremely stylish surroundings. Built just two years ago, the interiors have been superbly customised by a respected interior designer and the gardens perfected by the team at Built Landscaping.",53,Pool;Level lawn;Landscaped frontage;Interior designer customized;Built Landscaping gardens,5,Ray White Lower North Shore Group,Geoff Allan,1168.953115,10,1109.539971,10,10,8,28329,3565500,1340000,576
182,2020876184,https://www.domain.com.au/67-cowles-road-mosman-nsw-2088-2020876184,domain.com.au,2026-08-18T06:00:00Z,"67 Cowles Road, Mosman",Mosman,2088,3225000,2026-07-02,,0,Auction,182,House,4,2,,,none,0,0,0,"Federation charm tailored for modern living - 400m to the heart of Mosman village. Offering the best of quiet convenience, this inviting four-bedroom Federation beauty has been tastefully extended and sympathetically tailored for modern family life. Immaculately presented and exuding quality, experience the undeniable appeal of Mosman living. A home for all seasons, north-eastern sun is filtered into the backyard and open-plan living, dining and kitchen. Bi-fold doors connect",69,Federation style;Extended;North-eastern aspect;Bi-fold doors;Open-plan living,5,Ray White Lower North Shore Group,Lewis Adams,1168.953115,10,1109.539971,10,10,8,28329,3565500,1340000,576
183,2020825286,https://www.domain.com.au/31-2b-brady-street-mosman-nsw-2088-2020825286,domain.com.au,2026-08-18T06:00:00Z,"31/2B Brady Street, Mosman",Mosman,2088,1925000,2026-06-29,,0,,179,Apartment,3,2,2,178.0,listing,1,0,0,"Securely set within the idyllic 'Beech Grove' pavilion within the popular lifestyle estate 'Bridlewood Gardens', this immaculately presented apartment offers the best of single level living in an uber convenient setting. Built by Mirvac and promising minimal maintenance, there is a generous 178qm on title. Wonderfully spacious and L-shaped in its configuration, the living and dining room both",58,Single level living;L-shaped configuration;Minimal maintenance;Built by Mirvac,4,Ray White Lower North Shore Group,Anthony Cowie,1168.953115,10,1109.539971,10,10,8,28329,3565500,1340000,576
184,2020873244,https://www.domain.com.au/9-6-avenue-road-mosman-nsw-2088-2020873244,domain.com.au,2026-08-18T06:00:00Z,"9/6 Avenue Road, Mosman",Mosman,2088,610000,2026-06-26,,0,Other,176,Studio,,1,1,1053.0,index,1,0,1,"Peacefully part of an idyllic low-rise building of 15, this multi-aspect studio apartment is serenely set within the lush canopy that lines neighbouring Reid Park. Opening to nature on three sides, the easy living layout spills out to two separate balconies. Immersed in greenery, look out to the surrounding gardens and enjoy an unrivalled sense on calm. Practically appointed, the sleeping",61,Multi-aspect;Two balconies;Low-rise building;Adjacent to Reid Park,4,Ray White Lower North Shore Group,Chris Girling,1168.953115,10,1109.539971,10,10,8,28329,3565500,1340000,576
185,2020759512,https://www.domain.com.au/2-81a-glover-street-mosman-nsw-2088-2020759512,domain.com.au,2026-08-18T06:00:00Z,"2/81A Glover Street, Mosman",Mosman,2088,1440000,2026-06-25,2026-06-25,0,Private treaty,175,Apartment,2,2,1,195.0,listing,1,0,0,"Expansive 195sqm apartment with courtyard and private entry in a prime village location. Ground floor apartment offering 195sqm on title with private street entrance via beautifully manicured gardens. Perfectly situated within a peaceful, secure building. Delivers an instant sense of space with expansive living room.",45,Ground floor;Private street entrance;Courtyard;Manicured gardens;Secure building,5,Vernon Partners,Adam Vernon,1168.953115,10,1109.539971,10,10,8,28329,3565500,1340000,576
186,2020825168,https://www.domain.com.au/5-central-avenue-mosman-nsw-2088-2020825168,domain.com.au,2026-08-18T06:00:00Z,"5 Central Avenue, Mosman",Mosman,2088,6399000,2026-06-19,,0,Auction,169,House,5,4,2,607.0,index,0,0,0,"Embracing its due north aspect in style, this newly and holistically renovated family home proudly sits upon a beautifully landscaped 607sqm landholding with resort style swimming pool and child friendly gardens. Combining soft neutrals and organic forms, the chic interiors are finished in a textured materials palette superbly contrasting against sleek walls of strategic glass. Re-imagined to",57,North facing;Elevated views;Resort style swimming pool;Child friendly gardens;Newly renovated;Textured materials palette;Strategic glass walls,7,Ray White Lower North Shore Group,Sabrina Gao,1168.953115,10,1109.539971,10,10,8,28329,3565500,1340000,576
187,2020925823,https://www.domain.com.au/8-4-esther-road-mosman-nsw-2088-2020925823,domain.com.au,2026-08-18T06:00:00Z,"8/4 Esther Road, Mosman",Mosman,2088,1560000,2026-06-19,2026-06-19,0,Auction,169,Apartment,2,1,1,78.0,listing,1,0,0,"Positioned on the top floor of a well-maintained boutique complex of just eight apartments, this spacious two-bedroom apartment captures the essence of relaxed Balmoral living, just seconds from the sand, promenade and harbourfront lifestyle. Enjoying a prized corner position with a desirable three-way aspect, the apartment is filled with natural light and benefits from a north-easterly",56,Balcony / Deck;Built in wardrobes,2,Domain Residential,Matt Hardy,1168.953115,10,1109.539971,10,10,8,28329,3565500,1340000,576
188,2020788411,https://www.domain.com.au/2-63-muston-street-mosman-nsw-2088-2020788411,domain.com.au,2026-08-18T06:00:00Z,"2/63 Muston Street, Mosman",Mosman,2088,6000000,2026-06-18,2026-06-18,0,Private treaty,168,Apartment,4,3,3,631.0,index,1,0,1,"A light-filled haven of contemporary luxury and everlasting style, this 362sqm penthouse style residence showcases captivating harbour views from its exclusive Balmoral Slopes address. Gracing the entire top floor within a boutique development of just two, the house-like proportions are perfectly orientated to maximise both natural light and connection to the postcard setting. Combining custom",55,Whole floor penthouse;Harbour views;Contemporary luxury;Light-filled;Boutique development;House-like proportions;Natural light,7,Ray White Lower North Shore Group,Geoff Smith,1168.953115,10,1109.539971,10,10,8,28329,3565500,1340000,576
189,2020896625,https://www.domain.com.au/2-184-raglan-street-mosman-nsw-2088-2020896625,domain.com.au,2026-08-18T06:00:00Z,"2/184 Raglan Street, Mosman",Mosman,2088,1237500,2026-06-17,2026-06-17,0,Private treaty,167,Apartment,2,1,1,,none,1,0,0,"Privately set back in a well maintained boutique block, this inviting first floor apartment showcases stylishly updated interiors and a warm spacious living zone extending to a vine covered balcony. Framed by lush green outlooks over the communal gardens, the move in ready home promises the ultimate low maintenance lifestyle on the fringe of Mosman village. Embraced in a premier convenient pocket",62,Area Views;Built in wardrobes;Close to transport;Close to shops;Intercom;Close to schools;Floorboards;Secure Parking;Balcony;Dishwasher,10,Pello Lower North Shore,Titan Davis,1168.953115,10,1109.539971,10,10,8,28329,3565500,1340000,576
190,2020887243,https://www.domain.com.au/5b-699-military-road-mosman-nsw-2088-2020887243,domain.com.au,2026-08-18T06:00:00Z,"5B/699 Military Road, Mosman",Mosman,2088,1450000,2026-06-17,,0,Auction,167,Apartment,2,1,1,101.0,listing,1,0,0,"Boasting a lifestyle location that simply doesn't get any better, this bright spacious apartment enjoys a privileged corner setting on the fifth floor of 'Camellia Gardens'. Every room is bathed in northern sun and enjoying striking vistas that extend across Middle Harbour and out the heads, it delivers a generous floor plan with light filled living and dining rooms, a good",61,Corner setting;Fifth floor;Northern sun;Views across Middle Harbour;Light filled;Deceased Estate,6,Astemi Property,Simon Hardaker,1168.953115,10,1109.539971,10,10,8,28329,3565500,1340000,576
191,2020877037,https://www.domain.com.au/15-3-belmont-road-mosman-nsw-2088-2020877037,domain.com.au,2026-08-18T06:00:00Z,"15/3 Belmont Road, Mosman",Mosman,2088,1760000,2026-06-12,2026-06-12,0,Sold prior to auction,162,Apartment,2,2,1,,none,1,0,0,"Situated in the heart of Mosman Village this gorgeous apartment provides a lifestyle of comfort and convenience. Beautifully presented and boasting an exceptional floorplan, with only one common wall, this is a superb opportunity in a prized location. Features include: Light-filled spacious interiors flowing to covered balcony, freshly painted, new carpets throughout. Two spacious bedrooms.",55,Built in wardrobes;Close to transport;Close to shops;Close to schools;Ensuite,5,Murphy Residential,Bindi Codrington,1168.953115,10,1109.539971,10,10,8,28329,3565500,1340000,576
192,2020805796,https://www.domain.com.au/1-10-lang-street-mosman-nsw-2088-2020805796,domain.com.au,2026-08-18T06:00:00Z,"1/10 Lang Street, Mosman",Mosman,2088,3200000,2026-06-06,2026-06-06,0,Private treaty,156,Semi-detached,4,2,1,,none,0,0,0,"Move straight into this beautifully presented character semi, rich in timeless charm and ideally positioned in a highly convenient Mosman setting. Double-brick and full of substance and style, the home is defined by soaring ceilings, hardwood floorboards, original fireplaces and graceful arched windows. A generous living domain connects easily to a meticulously landscaped garden, where lush level",57,Air conditioning;Built in wardrobes;Close to transport;Close to shops;Close to schools;Prestige Homes;Floorboards;Secure Parking;Dishwasher,9,Belle Property Lower North Shore Group,Megan Thomas,1168.953115,10,1109.539971,10,10,8,28329,3565500,1340000,576
193,2020808172,https://www.domain.com.au/14-almora-street-mosman-nsw-2088-2020808172,domain.com.au,2026-08-18T06:00:00Z,"14 Almora Street, Mosman",Mosman,2088,5025000,2026-06-06,,0,Auction,156,House,3,3,2,,none,0,0,0,"Enjoying a world class location less than a level 100m stroll to the golden sands of Balmoral beach, this substantial torrens title residence offers the ultimate beachside lifestyle. Boasting an exceptional floorplan, perfect northerly aspect and secure undercover parking for multiple vehicles, this is a rare find in a tightly held exclusive enclave. Features include: Stylish light-filled",57,Air conditioning;Built in wardrobes;Close to transport;Close to shops;Close to schools,5,Murphy Residential,David Murphy,1168.953115,10,1109.539971,10,10,8,28329,3565500,1340000,576
194,2020824673,https://www.domain.com.au/16-5-the-esplanade-mosman-nsw-2088-2020824673,domain.com.au,2026-08-18T06:00:00Z,"16/5 The Esplanade, Mosman",Mosman,2088,1570000,2026-06-06,2026-06-06,0,Auction,156,Apartment,1,1,1,,none,1,0,0,"Embrace the ultimate beach lifestyle with this rare opportunity to secure a slice of paradise on The Esplanade. Positioned on the top floor of a well-maintained building, this one bedroom apartment boasts a sought-after north easterly aspect with panoramic views over Balmoral Beach. The current open plan living and dining area flows directly onto a private balcony.",57,Top floor;North easterly aspect;Panoramic beach views;Private balcony;Open plan living,5,Ray White Lower North Shore Group,Samuel Petrou,1168.953115,10,1109.539971,10,10,8,28329,3565500,1340000,576
195,2020758609,https://www.domain.com.au/1-30-hale-road-mosman-nsw-2088-2020758609,domain.com.au,2026-08-18T06:00:00Z,"1/30 Hale Road, Mosman",Mosman,2088,2180000,2026-06-05,2026-06-05,0,Private treaty,155,Townhouse,3,2,2,235.0,listing,0,0,0,"Created for comfort and contemporary living, this semi-like townhouse offers an impressive 235sqm on title with only one common wall. Capturing a prized northerly aspect and abundant natural light, the generous interiors flow seamlessly through glass bi-fold doors to reveal an alfresco timber deck and generous level lawns, privately enclosed by low-maintenance landscaped gardens.",54,Northerly aspect;Low-maintenance gardens;Glass bi-fold doors;Timber deck;Level lawns;Semi-like townhouse;One common wall,7,Vernon Partners,Adam Vernon,1168.953115,10,1109.539971,10,10,8,28329,3565500,1340000,576
196,2020562800,https://www.domain.com.au/2-morella-road-mosman-nsw-2088-2020562800,domain.com.au,2026-08-18T06:00:00Z,"2 Morella Road, Mosman",Mosman,2088,7360000,2026-06-05,2026-06-05,0,Private treaty,155,House,5,4,4,594.0,index,0,0,0,"Set in one of Mosman's most tightly held harbourside enclaves, this impressive family residence offers a rare combination of prestige, tranquillity and space, preserved from the high-density apartment developments in neighbouring suburbs. Clifton Gardens represents some of Sydney's most coveted real estate, where the neighbourhood offers an unmatched lifestyle just minutes from Mosman Village",54,Built in wardrobes;Close to transport;Close to shops;Close to schools;Water Views;City Views;Study;Gas Heating;Ducted Cooling,9,Pello Lower North Shore,Stefon Bertram,1168.953115,10,1109.539971,10,10,8,28329,3565500,1340000,576
197,2020743658,https://www.domain.com.au/21-96-ourimbah-road-mosman-nsw-2088-2020743658,domain.com.au,2026-08-18T06:00:00Z,"21/96 Ourimbah Road, Mosman",Mosman,2088,900000,2026-06-05,2026-06-05,0,Private treaty,155,Apartment,2,1,1,2004.0,index,1,0,1,"Positioned for ultimate convenience and capturing sweeping views over the treeline to the shimmering waters of Middle Harbour, this sun-drenched apartment offers a lifestyle of serenity in one of Mosman's most accessible pockets. Situated on the top floor of a well-maintained building, this residence seeks to impress with its light atmosphere. The generous living and dining area flows seamlessly",59,Top floor;Sun-drenched;Views over treeline to Middle Harbour;Light atmosphere;Well-maintained building,5,Ray White Lower North Shore Group,Jake Wilson,1168.953115,10,1109.539971,10,10,8,28329,3565500,1340000,576
198,2020821383,https://www.domain.com.au/105-holt-avenue-mosman-nsw-2088-2020821383,domain.com.au,2026-08-18T06:00:00Z,"105 Holt Avenue, Mosman",Mosman,2088,3550000,2026-06-05,2026-06-05,0,Sold prior to auction,155,House,4,3,,,none,0,0,0,"Enchanting Character Family Terrace. Brimming with enduring charm and classic elegance, this inviting full brick terrace marries thoughtfully updated interiors with retained period features and a fluid indoor-outdoor connection to the private level garden. Capturing a prized north to rear aspect, the light infused design displays versatile multiple living zones and generous rooms accented with soaring high ceilings. Its tree lined",61,North-facing aspect;Period features;Indoor-outdoor connection;Private garden;High ceilings;Multiple living zones;Full brick terrace;Light-filled design,8,Pello Lower North Shore,David Smeallie,1168.953115,10,1109.539971,10,10,8,28329,3565500,1340000,576
199,2020640198,https://www.domain.com.au/10-116-belmont-road-mosman-nsw-2088-2020640198,domain.com.au,2026-08-18T06:00:00Z,"10/116 Belmont Road, Mosman",Mosman,2088,2380000,2026-06-05,2026-06-05,0,Private treaty,155,Townhouse,3,2,2,192.0,index,0,0,0,"Monarch 'Stables' - Exclusive Designer Townhouse in Coveted Lower North Shore. Designed by award-winning architects Bates Smart, Monarch commands a prestigious position in one of the Lower North Shore's most sought-after enclaves. Defined by grand proportions and exquisitely curated interiors, this landmark address sets a new benchmark for contemporary Mosman living. This is a rare opportunity to secure one of only a handful of exclusive townhouses within ""The Stables"" - an",71,Award-winning architecture;Designer interiors;Exclusive enclave;Landmark address,4,De Brennan Property,Jonathon De Brennan,1168.953115,10,1109.539971,10,10,8,28329,3565500,1340000,576
200,2020874932,https://www.domain.com.au/10-1-hampden-street-mosman-nsw-2088-2020874932,domain.com.au,2026-08-18T06:00:00Z,"10/1 Hampden Street, Mosman",Mosman,2088,825000,2026-06-04,2026-06-04,0,Sold prior to auction,154,Apartment,1,1,1,,none,1,0,0,"Commanding a breathtaking harbourside position, this top floor, one bedroom residence captures uninterrupted panoramic views across Middle Harbour from both the living area and north-facing balcony. Bathed in natural sunlight and perfectly positioned within one of Mosman's most tightly held pockets, the apartment delivers an enviable lifestyle just moments from Balmoral & Chinamans Beach, Mosman",55,Built in wardrobes;Close to transport;Close to shops;Close to schools;Water Views;Car Parking - Surface;Carpeted;Dishwasher,8,Aurora Property Lower North Shore,Hamish Kyle,1168.953115,10,1109.539971,10,10,8,28329,3565500,1340000,576
201,2020784240,https://www.domain.com.au/9-238-raglan-street-mosman-nsw-2088-2020784240,domain.com.au,2026-08-18T06:00:00Z,"9/238 Raglan Street, Mosman",Mosman,2088,1590000,2026-06-04,2026-06-04,0,Auction,154,Apartment,2,1,1,84.0,listing,1,0,0,"Perched above the lapping shores of Balmoral Beach with a northeast aspect and an outlook over the harbour past Grotto Point to Manly, this impressive top-floor apartment delivers a blissful sand-in-the-toes and cafe lifestyle just a short drive or ferry ride from the Sydney CBD. Wonderfully bright and breezy with windows on three sides, it boasts a generous living and dining space extending to a",65,Beach proximity;Harbour views;Top-floor;Northeast aspect;Three-sided windows;Bright and breezy,6,Clarke & Humel Property,Shabina Kamal,1168.953115,10,1109.539971,10,10,8,28329,3565500,1340000,576
202,2020664432,https://www.domain.com.au/13-17-23-heydon-street-mosman-nsw-2088-2020664432,domain.com.au,2026-08-18T06:00:00Z,"13/17-23 Heydon Street, Mosman",Mosman,2088,1360000,2026-06-04,2026-06-04,0,Private treaty,154,Retirement living,2,1,1,92.0,listing,1,0,0,"Enjoying a sought-after northerly aspect on the first floor of 'Heydon Grove,' this light-filled, fully renovated apartment offers a premium opportunity for over-55s seeking comfort, community, and convenience. Nestled in a peaceful cul-de-sac, this boutique community is surrounded by lush. Residents enjoy secure intercom entry, level lift access, and the reassurance of a 24-hour vital call",56,Air conditioning;Balcony/Deck;Built in wardrobes;Intercom;Secure Parking,5,Richardson & Wrench Mosman/Neutral Bay,Kirsty Freyer,1168.953115,10,1109.539971,10,10,8,28329,3565500,1340000,576
203,2020898311,https://www.domain.com.au/11-euryalus-street-mosman-nsw-2088-2020898311,domain.com.au,2026-08-18T06:00:00Z,"11 Euryalus Street, Mosman",Mosman,2088,7260000,2026-06-04,2026-06-04,0,Sold prior to auction,154,House,6,4,3,879.0,index,0,0,0,"Showcasing a sweeping Middle Harbour panorama with the bright lights of North Sydney, St Leonards and Chatswood glistening in the background, this commanding family home combines the luxury of space with everyday practicality from an elevated Beauty Point address. Raised above street level, a long driveway reaches the double garaging for convenient internal access. A grand double height ceiling",59,Double garage;Double height ceiling;Elevated address;Middle Harbour views,4,Ray White Lower North Shore Group,Sabrina Gao,1168.953115,10,1109.539971,10,10,8,28329,3565500,1340000,576
204,2020635428,https://www.domain.com.au/96-glover-street-mosman-nsw-2088-2020635428,domain.com.au,2026-08-18T06:00:00Z,"96 Glover Street, Mosman",Mosman,2088,3390000,2026-06-02,,0,Auction,152,House,4,3,2,379.0,index,0,0,0,"Classic Federation Grandeur Meets Contemporary Sophistication. Set within a prized Mosman address, this freestanding residence blends enduring character with contemporary refinement across a flowing Two-level design. Established gardens and a sun-washed verandah create a welcoming first impression, while inside, period details - timber floors, leadlight windows, bay windows, picture rails and ornate fireplaces - evoke warmth and sophistication.",58,Federation architecture;timber floors;leadlight windows;bay windows;picture rails;ornate fireplaces;established gardens;sun-washed verandah;two-level design,9,De Brennan Property,David Grant,1168.953115,10,1109.539971,10,10,8,28329,3565500,1340000,576
205,2020877721,https://www.domain.com.au/17-22-mosman-street-mosman-nsw-2088-2020877721,domain.com.au,2026-08-18T06:00:00Z,"17/22 Mosman Street, Mosman",Mosman,2088,827000,2026-06-01,,0,Auction,151,Apartment,1,1,1,,none,1,0,0,Beautifully Renovated One Bedroom Apartment With Views Of The Bridge. This beautiful modern sunny one bedroom apartment looks out across Sydneys CBD and harbour bridge. Located on 4th floor of well-maintained security building and moments to Avenue Rd cafes and transport. Split air conditioning in bedroom. Double sized bedroom w/built-in. Fully renovated bathroom with walk in shower. Modern kitchen with gas stove top.,63,Split air conditioning;Double sized bedroom with built-in;Fully renovated bathroom;Modern kitchen with gas stove top;Bridge and harbour views;4th floor;Security building,7,DiJones - Neutral Bay,Jeremy McPherson,1168.953115,10,1109.539971,10,10,8,28329,3565500,1340000,576
206,2020778239,https://www.domain.com.au/14-calypso-avenue-mosman-nsw-2088-2020778239,domain.com.au,2026-08-18T06:00:00Z,"14 Calypso Avenue, Mosman",Mosman,2088,4820000,2026-05-30,2026-05-30,0,Auction,149,House,4,2,2,,none,0,0,0,"Federation elegance meets contemporary comfort in this freestanding Mosman residence, designed as a private family retreat with a pavilion-like layout centred around a tranquil internal courtyard. At the cul-de-sac end of a tightly held avenue, the two-storey home offers a rare opportunity to buy in a leafy pocket between Mosman village and Sirius Cove. A timeless, contemporary aesthetic brings",59,Air conditioning;Built in wardrobes;Close to transport;Close to shops;Close to schools,5,Murphy Residential,Max Wagschall,1168.953115,10,1109.539971,10,10,8,28329,3565500,1340000,576
207,2020705154,https://www.domain.com.au/6-800-military-road-mosman-nsw-2088-2020705154,domain.com.au,2026-08-18T06:00:00Z,"6/800 Military Road, Mosman",Mosman,2088,2725000,2026-05-29,2026-05-29,0,Private treaty,148,Townhouse,3,2,2,,none,0,0,0,"Capturing a spectacular panoramic vista from Balmoral to North Head, this elegant townhome holds a quiet position within a boutique complex, just steps from the energy of Mosman's vibrant village. Nestled amongst layered greenery, it feels private and protected, with bright, airy interiors extending effortlessly to a wraparound courtyard where sun-splashed terraces create a secluded setting",56,Harbour views;Wraparound courtyard;Boutique complex;Terraces,4,O'Gorman and Partners Real Estate Co,Rob Jacobs,1168.953115,10,1109.539971,10,10,8,28329,3565500,1340000,576
208,2020214993,https://www.domain.com.au/28-9-mandolong-road-mosman-nsw-2088-2020214993,domain.com.au,2026-08-18T06:00:00Z,"28/9 Mandolong Road, Mosman",Mosman,2088,800000,2026-05-29,2026-05-29,0,Private treaty,148,Apartment,1,1,,,none,1,0,0,"Perched high on the prestigious Balmoral Slopes, this light-filled apartment encapsulates the quintessential Mosman lifestyle. Just 700 metres to the shores of Balmoral Beach and a mere 80 metres to the heart of Mosman Village, it promises a lifestyle of leisure, connection, and effortless convenience. Bright and inviting, the open-plan living and dining zone flows seamlessly and is finished in a",61,Built in wardrobes;Close to transport;Close to shops;Close to schools;Carpeted,5,Atlas - Lower North Shore,Tia Naris,1168.953115,10,1109.539971,10,10,8,28329,3565500,1340000,576
209,2020799443,https://www.domain.com.au/2-182-raglan-street-mosman-nsw-2088-2020799443,domain.com.au,2026-08-18T06:00:00Z,"2/182 Raglan Street, Mosman",Mosman,2088,1275000,2026-05-29,2026-05-29,0,Sold prior to auction,148,Apartment,2,1,1,90.0,listing,1,0,0,"Positioned in a prized Mosman pocket, this beautifully presented two-bedroom apartment delivers effortless village living with lift access and an elevated, leafy outlook across landscaped grounds. The combined living and dining areas flow seamlessly to the balcony - a perfect spot for morning coffee or relaxed evenings at home. Both bedrooms are well-proportioned and include built-in wardrobes.",57,Air conditioning;Built in wardrobes;Internal Laundry;Bath;Secure Parking;Balcony/Deck,6,Raine & Horne Mosman,Shann Warner,1168.953115,10,1109.539971,10,10,8,28329,3565500,1340000,576
210,2020836582,https://www.domain.com.au/1-31-musgrave-street-mosman-nsw-2088-2020836582,domain.com.au,2026-08-18T06:00:00Z,"1/31 Musgrave Street, Mosman",Mosman,2088,2250000,2026-05-29,,0,Auction,148,Apartment,2,1,1,164.0,listing,1,0,0,"Boutique entertainer with splendid harbour and city views. Evoking a semi-like ambiance, this beautiful Federation apartment delivers refined character interiors of generous proportions with a wonderful wraparound courtyard capturing intimate harbour and city views. It's peaceful sought-after location is a stroll away to ferries, foreshore walks and city buses. Elevated ground floor home features its own private entrance 164sqm on title in a grand",64,Elevated ground floor;Private entrance;Wraparound courtyard;Harbour views;City views;Federation character,6,McGrath Lower North Shore - Mosman,Anthony Godson,1168.953115,10,1109.539971,10,10,8,28329,3565500,1340000,576
211,2020747513,https://www.domain.com.au/12-22-warringah-road-mosman-nsw-2088-2020747513,domain.com.au,2026-08-18T06:00:00Z,"12/22 Warringah Road, Mosman",Mosman,2088,1030000,2026-05-26,2026-05-26,0,Private treaty,145,Apartment,1,1,1,787.0,index,1,0,1,"Positioned within the tightly held and immaculately maintained 'Hopetoun' building, this beautifully renovated first-floor apartment presents a rare opportunity to secure a blue-chip investment in one of the Lower North Shore's most desirable lifestyle pockets. Bathed in all-day northerly sunlight, the spacious open-plan living and dining zone flows effortlessly to a private balcony, capturing elevated harbour views, premium renovation and a secure investment opportunity.",64,Internal Laundry;Air conditioning;Balcony / Deck;Broadband internet access;Built in wardrobes;Intercom;Swimming Pool;Unfurnished,8,Property Alchemy,Penelope Valentine,1168.953115,10,1109.539971,10,10,8,28329,3565500,1340000,576
212,2020769098,https://www.domain.com.au/3-209-spit-road-mosman-nsw-2088-2020769098,domain.com.au,2026-08-18T06:00:00Z,"3/209 Spit Road, Mosman",Mosman,2088,1390000,2026-05-22,2026-05-22,0,Private treaty,141,Apartment,2,1,1,,none,1,0,0,"A Private Villa-Like Garden Residence. Harbourside living meets garden serenity in this house-like residence, one of only three in a tightly held block in an idyllic setting just 650m to Chinamans Beach. Hidden from the street and remarkably private, the boutique home is introduced via its own entry and enjoys direct access to beautifully manicured gardens, with no common walls enhancing the sense of peace and seclusion. A villa-like",69,Villa-like residence;Harbourside location;Private garden access;No common walls;650m to Chinamans Beach,5,Murphy Residential,Max Wagschall,1168.953115,10,1109.539971,10,10,8,28329,3565500,1340000,576
213,2020802330,https://www.domain.com.au/2-78-shadforth-street-mosman-nsw-2088-2020802330,domain.com.au,2026-08-18T06:00:00Z,"2/78 Shadforth Street, Mosman",Mosman,2088,785000,2026-05-22,2026-05-22,0,Private treaty,141,Apartment,1,1,1,51.0,index,1,0,0,"Capturing a prized north west aspect from the rear of a boutique block, this elevated ground floor apartment offers a whisper quiet village lifestyle. It's a stroll to Avenue Road cafes, shops and lifestyle facilities, while less than 2km to Balmoral Beach. Fresh white interiors showcase refurbished parquetry floors Open living, dining and kitchen maximises space and light Sun drenched",60,Elevated ground floor;North west aspect;Refurbished parquetry floors;Open plan living;Boutique block;Village lifestyle,6,McGrath Lower North Shore - Mosman,Jon Snead,1168.953115,10,1109.539971,10,10,8,28329,3565500,1340000,576
214,2020843036,https://www.domain.com.au/8-59-spit-road-mosman-nsw-2088-2020843036,domain.com.au,2026-08-18T06:00:00Z,"8/59 Spit Road, Mosman",Mosman,2088,750000,2026-05-21,2026-05-21,0,Sold prior to auction,140,Apartment,1,1,1,,none,1,0,0,"Tucked within a well-maintained and secure building, this light-filled one-bedroom apartment represents a compelling proposition in one of Sydney's most tightly held harbour suburbs. The generous open-plan living and dining room is the heart of the home, with double glazed windows, a north-facing balcony extending the space outdoors and capturing glimpses of the water. The kitchen is well",58,North-facing balcony;Water glimpses;Double glazed windows;Well-maintained building;Secure building;Open-plan living;Light-filled,7,Ray White Lower North Shore Group,Chris Davies,1168.953115,10,1109.539971,10,10,8,28329,3565500,1340000,576
215,2020765853,https://www.domain.com.au/3-11-central-avenue-mosman-nsw-2088-2020765853,domain.com.au,2026-08-18T06:00:00Z,"3/11 Central Avenue, Mosman",Mosman,2088,1625000,2026-05-21,2026-05-21,0,Private treaty,140,Apartment,2,1,,85.0,listing,1,0,0,"Set within an intimate block of four, this beautifully proportioned Art Deco Georgian apartment is bathed in northern light, with expansive interiors opening to a sun-drenched oversized balcony. Open plan kitchen with large pantry, Ilve Oven & stove, Bosch dishwasher. Dark timber floors, freshly painted and brand new carpet throughout. Light & airy living and dining with fireplace flows to large",61,Built in wardrobes;Close to transport;Close to shops;Open Fire Place;Pets Allowed,5,The Agency North,Nic Yates,1168.953115,10,1109.539971,10,10,8,28329,3565500,1340000,576
216,2020861083,https://www.domain.com.au/4g-732-military-road-mosman-nsw-2088-2020861083,domain.com.au,2026-08-18T06:00:00Z,"4G/732 Military Road, Mosman",Mosman,2088,1220000,2026-05-21,2026-05-21,0,Private treaty,140,Apartment,1,1,1,92.0,index,1,0,0,"Peacefully positioned at the rear of the building with its own secure entry, this residence provides a calm sanctuary with generous proportions, seamless indoor outdoor flow and an inviting sense of privacy. Set in the heart of Mosman Village with cafes, boutiques and transport just moments from your door. Security intercom entry combined with easy level lift access for everyday convenience.",61,Rear position;Private courtyard;Secure entry;Lift access;Mosman Village location,5,Raine & Horne Mosman,Andrew Bowden,1168.953115,10,1109.539971,10,10,8,28329,3565500,1340000,576
217,2020788609,https://www.domain.com.au/14-dalton-road-mosman-nsw-2088-2020788609,domain.com.au,2026-08-18T06:00:00Z,"14 Dalton Road, Mosman",Mosman,2088,3700000,2026-05-20,2026-05-20,0,Private treaty,139,Semi-detached,4,2,1,246.0,index,0,0,0,"Federation charm with modern family-focused design. This elegant dual-level Mosman residence blends charming Federation character with a beautifully designed family floorplan in a setting that feels both tranquil and central. Behind its graceful facade, traditional details include leadlight windows, ceiling roses, fireplaces and soaring ceilings, while the contemporary living extension is filled with natural light and premium finishes. Seamless",59,Air conditioning;Built in wardrobes;Close to transport;Close to shops;Pets Allowed;Close to schools;Prestige Homes,7,Belle Property Lower North Shore Group,Megan Thomas,1168.953115,10,1109.539971,10,10,8,28329,3565500,1340000,576
218,2020747692,https://www.domain.com.au/32b-2-brady-street-mosman-nsw-2088-2020747692,domain.com.au,2026-08-18T06:00:00Z,"32B/2 Brady Street, Mosman",Mosman,2088,2000000,2026-05-19,2026-05-19,0,Private treaty,138,Apartment,2,2,2,154.0,listing,1,0,0,"Luxuriating in its leafy outlook to gardens and protected from LMR development sites, this 154sqm Beechgrove gem delivers everything the Mosman village lifestyle promises, with manicured gardens and a level stroll of less than 100m to the most sought after community on the Lower North Shore. Set within a secure Mirvac-built complex surrounded by manicured gardens, this is a",59,Air conditioning;Area Views;Built in wardrobes;Close to transport;Close to shops;Intercom;Close to schools;Ensuite;Security Access;Lift Installed;Prestige Homes;Floorboards;Secure Parking;Balcony;Dishwasher;Ducted Cooling,16,Belle Property Lower North Shore Group,Gemma Simons,1168.953115,10,1109.539971,10,10,8,28329,3565500,1340000,576
219,2020803032,https://www.domain.com.au/2-5-belmont-road-mosman-nsw-2088-2020803032,domain.com.au,2026-08-18T06:00:00Z,"2/5 Belmont Road, Mosman",Mosman,2088,1925000,2026-05-18,2026-05-18,0,Sold prior to auction,137,Apartment,2,1,,,none,1,0,0,"Enjoying a convenient location, this beautifully renovated, garden apartment boasts house like proportions and provides the ultimate Mosman Village lifestyle. Showcasing timeless sunlit interiors, high ceilings and seamless indoor/outdoor flow, this is a rare find right in the heart of Mosman. Features include: High ceilings, polished boards, air-conditioning, ample storage. Well maintained.",52,Air conditioning;Built in wardrobes;Close to transport;Close to shops;Close to schools;Study,6,Murphy Residential,Bindi Codrington,1168.953115,10,1109.539971,10,10,8,28329,3565500,1340000,576
220,2020658488,https://www.domain.com.au/27-102-spit-road-mosman-nsw-2088-2020658488,domain.com.au,2026-08-18T06:00:00Z,"27/102 Spit Road, Mosman",Mosman,2088,765000,2026-05-15,2026-05-15,0,Private treaty,134,Apartment,1,1,1,,none,1,0,0,"Emanating a calming coastal aesthetic, this charming apartment delivers a thoughtful design basking in glorious district views spanning over to idyllic Quakers Hat Bay, Seaforth, Clontarf and North Head. Capturing a due north facing aspect, the light infused home invites you to stylishly enhanced interiors offering spacious living zones and a covered balcony with mesmerising elevated panoramas.",57,Built in wardrobes;Close to transport;Close to shops;Close to schools;Water Views;Floorboards;Balcony,7,Pello Lower North Shore,Titan Davis,1168.953115,10,1109.539971,10,10,8,28329,3565500,1340000,576
221,2020517834,https://www.domain.com.au/7-8-earl-street-mosman-nsw-2088-2020517834,domain.com.au,2026-08-18T06:00:00Z,"7/8 Earl Street, Mosman",Mosman,2088,3000000,2026-05-15,2026-05-08,1,Private treaty,134,Apartment,3,2,2,156.0,listing,1,0,0,"Embracing a north-east corner position in a tightly-held complex, this oversized apartment showcases sophisticated luxury spilling to alfresco entertaining. Instantly liveable, the walk-to-everywhere address is moments to Bridgepoint shops and Mosman Village. Wonderfully versatile opportunity for downsizers or families. Light-filled due north aspect and expansive 156sqm floorplan. Spacious",48,Air conditioning;Built in wardrobes;Pets Allowed;Car Parking - Basement,4,McGrath Lower North Shore - Mosman,Alex Myers,1168.953115,10,1109.539971,10,10,8,28329,3565500,1340000,576
222,2020766361,https://www.domain.com.au/33-killarney-street-mosman-nsw-2088-2020766361,domain.com.au,2026-08-18T06:00:00Z,"33 Killarney Street, Mosman",Mosman,2088,4165000,2026-05-14,2026-05-14,0,Auction,133,House,3,2,1,493.0,index,0,0,0,"Flaunting a perfect north to rear aspect, this inviting three-bedroom two-storey home rests upon a quiet family focused tree lined Mosman street on approximately 493sqm of land. Channelling views toward the peaceful serenity of Middle Harbour, there is a strong connection to the postcard setting. Alive with natural light, the interconnecting lounge and dining spaces spill out to a decked",60,Air conditioning;Built in wardrobes;Fireplace(s);Secure Parking;Balcony / Deck;Water Views,6,Ray White Lower North Shore Group,Chris Girling,1168.953115,10,1109.539971,10,10,8,28329,3565500,1340000,576
223,2020779304,https://www.domain.com.au/2-7-badham-avenue-mosman-nsw-2088-2020779304,domain.com.au,2026-08-18T06:00:00Z,"2/7 Badham Avenue, Mosman",Mosman,2088,1265000,2026-05-13,2026-05-13,0,Private treaty,132,Apartment,2,1,,,none,1,0,0,"Peaceful sanctuary in sought-after bayside address. Presenting classic Art Deco appeal, this elegant two-bedroom apartment is a stylish retreat of peace and privacy in a boutique block of four. Poised for convenience, the tranquil setting is steps to Mosman Bay Ferry Wharf and a stroll to Avenue Road shops. Elevated ground level position in secure full brick building. Timber floorboards, high ornate ceilings, leadlight windows. Comfortably",66,Close to transport;Close to shops;Pets Allowed;Close to schools;Courtyard;Floorboards,6,McGrath Lower North Shore - Mosman,Alex Myers,1168.953115,10,1109.539971,10,10,8,28329,3565500,1340000,576
224,2020635166,https://www.domain.com.au/8-2a-brady-street-mosman-nsw-2088-2020635166,domain.com.au,2026-08-18T06:00:00Z,"8/2A Brady Street, Mosman",Mosman,2088,2225000,2026-05-12,2026-05-12,0,Sold prior to auction,131,Apartment,3,2,2,8882.0,index,1,0,1,"North facing top floor apartment in 'Bridlewood Gardens' - convenience, sun and lifestyle. Part of the Mirvac built lifestyle estate Bridlewood Gardens, this north facing single level security apartment graces the top floor of the peaceful Ashgrove pavilion. With level lift access to the third floor from the foyer and double side-by-side garaging, this quality slice of Mosman real estate offers immediate comfort for discerning downsizers. The light-filled interiors step out to a",73,North facing;Top floor;Security apartment;Lift access;Double garaging;Light-filled interiors;Lifestyle estate,7,Ray White Lower North Shore Group,Geoff Allan,1168.953115,10,1109.539971,10,10,8,28329,3565500,1340000,576
225,2020658893,https://www.domain.com.au/13-68-bradleys-head-road-mosman-nsw-2088-2020658893,domain.com.au,2026-08-18T06:00:00Z,"13/68 Bradleys Head Road, Mosman",Mosman,2088,750000,2026-05-12,2026-05-12,0,Private treaty,131,Apartment,1,1,,48.0,index,1,0,0,"Combining a premium Mosman position with iconic panoramas of the Sydney skyline and Opera House, this timeless and light-filled one-bedroom apartment presents an exceptional lifestyle opportunity. Set within a secure, elevated block, this residence is defined by its prime vantage point and sun-drenched interiors that effortlessly maximise natural light. The functional open-plan layout features a",55,Harbour views;Iconic panoramas;Light-filled;Open-plan layout;Secure elevated block;Sun-drenched interiors,6,Ray White Lower North Shore Group,Samuel Petrou,1168.953115,10,1109.539971,10,10,8,28329,3565500,1340000,576
226,2020803030,https://www.domain.com.au/6-countess-street-mosman-nsw-2088-2020803030,domain.com.au,2026-08-18T06:00:00Z,"6 Countess Street, Mosman",Mosman,2088,3525000,2026-05-12,2026-05-12,0,Sold prior to auction,131,House,3,2,1,378.0,index,0,0,0,"Situated in one of Mosman's favourite tree lined streets, this gorgeous freestanding home offers endless appeal and unlimited potential in a prized location. Boasting stylish light-filled interiors and a single level floorplan, this is a rare offering in a tightly held locale. Features include: High ornate ceilings, original timber floors Potential to extend and add second storey STCA",58,Close to transport;Close to shops;Close to schools;High ornate ceilings;Original timber floors;Potential to extend and add second storey STCA,6,Murphy Residential,David Murphy,1168.953115,10,1109.539971,10,10,8,28329,3565500,1340000,576
227,2020628335,https://www.domain.com.au/2-dugald-road-mosman-nsw-2088-2020628335,domain.com.au,2026-08-18T06:00:00Z,"2 Dugald Road, Mosman",Mosman,2088,7600000,2026-05-11,2026-05-11,0,Private treaty,130,House,5,3,2,739.0,index,0,0,0,"A substantial landholding moments from Balmoral Beach. Set within a quiet, tightly held street, this is a home of genuine scale, with a layout that supports family living with clarity and ease. A level parcel of 739sqm provides a rare sense of openness so close to Balmoral Beach. Established gardens, level lawns and a pool sit naturally alongside the home, with a clear connection from the kitchen and living areas. Living spaces are generous and well",76,Air conditioning;Close to transport;Close to shops;Alarm System;Swimming Pool;Intercom;Close to schools,7,Atlas Lower North Shore,Jacqui Wansey,1168.953115,10,1109.539971,10,10,8,28329,3565500,1340000,576
228,2020676985,https://www.domain.com.au/22-cowles-road-mosman-nsw-2088-2020676985,domain.com.au,2026-08-18T06:00:00Z,"22 Cowles Road, Mosman",Mosman,2088,5605000,2026-05-05,2026-05-05,0,Sold prior to auction,124,House,4,2,1,616.0,index,0,0,0,"Classic Federation, Exceptional Single Level Floorplan Enjoying a prized village location and proudly placed on a large 616m2 corner block, this stunning turn key Federation residence is set amongst established landscaped gardens and offers an enviable lifestyle of privacy and absolute convenience. Boasting a generous single level floorplan with soaring ornate ceilings, wide hallway and original polished timber floors this is a quintessential Mosman",64,Close to transport;Close to shops;Close to schools;Prestige Homes,4,Murphy Residential,David Murphy,1168.953115,10,1109.539971,10,10,8,28329,3565500,1340000,576
229,2020658462,https://www.domain.com.au/unit-3-3-belmont-road-mosman-nsw-2088-2020658462,domain.com.au,2026-08-18T06:00:00Z,"Unit 3/3 Belmont Road, Mosman",Mosman,2088,1900000,2026-05-04,2026-05-04,0,Private treaty,123,Apartment,2,2,2,,none,1,0,0,"Private Villa Retreat in Prime Mosman Location Set within a quiet and well-maintained boutique style building, this beautifully presented home offers space, privacy, and exceptional lifestyle appeal all just moments from the heart of Mosman. With its private entry and generous proportions throughout, the residence is perfect for owner-occupiers seeking comfort or investors looking for a quality addition to their portfolio.",61,Gas;Bath,2,Home Unit Headquarters,,1168.953115,10,1109.539971,10,10,8,28329,3565500,1340000,576
230,2020947425,https://www.domain.com.au/5-euryalus-street-mosman-nsw-2088-2020947425,domain.com.au,2026-08-18T06:00:00Z,"5 Euryalus Street, Mosman",Mosman,2088,6400000,2026-05-01,2026-06-26,1,Private treaty,120,House,4,2,,647.0,index,0,0,0,Sold By Sabrina Gao. Contact Sabrina Gao for more information.,10,,0,Ray White Lower North Shore Group,Sabrina Gao,1168.953115,10,1109.539971,10,10,8,28329,3565500,1340000,576
231,2020368625,https://www.domain.com.au/32-419-445-military-road-mosman-nsw-2088-2020368625,domain.com.au,2026-08-18T06:00:00Z,"32/419-445 Military Road, Mosman",Mosman,2088,1100000,2026-05-01,2026-05-01,0,Private treaty,120,Apartment,2,1,1,,none,1,0,0,"Enjoying a top floor position and expansive district outlooks, this well presented apartment boasts a spacious floorplan and provides an ultra convenient lifestyle. Situated in a well maintained security complex close to Spit Junction and Mosman village this is a great opportunity for first home buyers and/or discerning investors. Features include: Light stylish interiors, timber floors",56,Top floor position;District outlooks;Spacious floorplan;Light stylish interiors;Timber floors;Security complex;Close to Spit Junction,7,Murphy Residential,Taylor Cranwell,1168.953115,10,1109.539971,10,10,8,28329,3565500,1340000,576
232,2020763446,https://www.domain.com.au/41-lang-street-mosman-nsw-2088-2020763446,domain.com.au,2026-08-18T06:00:00Z,"41 Lang Street, Mosman",Mosman,2088,3350000,2026-05-01,2026-05-01,0,Sold prior to auction,120,House,3,2,,329.0,listing,0,0,0,"Grand Federation Semi, Exceptional Single level floorplan. Boasting timeless Federation elegance and a large level 329sqm parcel, this generous single level home will appeal to families of all ages. Defined by stylish light-filled interiors and easy single level living, this is a rare find in one of Mosmans most popular streets. Features include: Classic Frontage, wide hallway, high ornate ceilings, original polished timber floors throughout Three",66,Built in wardrobes;Close to transport;Close to shops;Close to schools,4,Murphy Residential,David Murphy,1168.953115,10,1109.539971,10,10,8,28329,3565500,1340000,576
233,2020728938,https://www.domain.com.au/37-dalton-road-mosman-nsw-2088-2020728938,domain.com.au,2026-08-18T06:00:00Z,"37 Dalton Road, Mosman",Mosman,2088,3450000,2026-04-29,2026-04-29,0,Sold prior to auction,118,House,4,1,1,,none,0,0,0,"Stunning Renovated Semi of Architectural Excellence. Graced with an enchanting period facade, this beautiful character semi expertly fuses all its original refinement with a stunning architectural renovation by Phil Corben and elegant modern luxuries. Capturing a prized north to rear aspect on a generous block, the distinctly sophisticated haven showcases relaxed single level living and private tranquil outdoor entertaining areas. Its quiet no",63,Character semi;Period facade;Architectural renovation;North-facing;Single level;Outdoor entertaining,6,Pello Lower North Shore,David Smeallie,1168.953115,10,1109.539971,10,10,8,28329,3565500,1340000,576
234,2020626134,https://www.domain.com.au/24-27-warringah-road-mosman-nsw-2088-2020626134,domain.com.au,2026-08-18T06:00:00Z,"24/27 Warringah Road, Mosman",Mosman,2088,788000,2026-04-23,2026-04-23,0,Private treaty,112,Apartment,1,1,1,,none,1,0,0,"Positioned on the top floor of a well-maintained block in highly sought-after Mosman, this bright one-bedroom apartment captures elevated views, abundant natural light and refreshing coastal breezes. Designed for easy living, the open-plan lounge and dining area flows seamlessly onto a sunny balcony. The apartment features a generously sized bedroom, a well-presented kitchen, and a neat bathroom.",57,Area Views;Close to transport;Close to shops;Intercom,4,Olsen Romano Estate Agents,Anthony Romano,1168.953115,10,1109.539971,10,10,8,28329,3565500,1340000,576
235,2020198142,https://www.domain.com.au/4-19-21-countess-street-mosman-nsw-2088-2020198142,domain.com.au,2026-08-18T06:00:00Z,"4/19-21 Countess Street, Mosman",Mosman,2088,3000000,2026-04-22,2026-02-05,1,Private treaty,111,Townhouse,3,3,2,,none,0,0,0,"Designer Terrace, Quality Construction. Conveniently located within a stylish boutique development, this architect designed terrace offers a fabulous low maintenance lifestyle. Combining a practical and spacious floor-plan with superior finishes this home will appeal to buyers of all ages. Chic light filled interiors, ideal for entertaining. 3 large bedrooms all with built ins, main with balcony. 2 bathrooms.",58,Air conditioning;Built in wardrobes;Close to transport;Close to shops;Pets Allowed;Close to schools;Ensuite;Car Parking - Basement,8,Murphy Residential,David Murphy,1168.953115,10,1109.539971,10,10,8,28329,3565500,1340000,576
236,2020742877,https://www.domain.com.au/3-glover-street-mosman-nsw-2088-2020742877,domain.com.au,2026-08-18T06:00:00Z,"3 Glover Street, Mosman",Mosman,2088,5600000,2026-04-20,2026-04-20,0,Sold prior to auction,109,House,5,2,1,515.0,index,0,0,0,"Alive with natural light, this striking c1915 Mosman classic has been thoughtfully reimagined and extended to create a sanctuary of style from within an idyllic yet highly convenient pocket close to Memory Park and the lifestyle attractions of the Avenue Road shopping village",43,Northern sun exposure;c1915 classic;renovated and extended;open floorplan;family home;convenient location,6,Ray White Lower North Shore Group,Bernard Ryan,1168.953115,10,1109.539971,10,10,8,28329,3565500,1340000,576
237,2020695298,https://www.domain.com.au/9-the-crescent-mosman-nsw-2088-2020695298,domain.com.au,2026-08-18T06:00:00Z,"9 The Crescent, Mosman",Mosman,2088,5100000,2026-04-18,2026-04-18,0,Auction,107,House,5,3,,504.0,index,0,0,0,"A Queen Anne Federation Classic On Mosman's Village Green. Fronting the village green and the iconic Allan Border Oval, this c1905 Federation residence holds a dress-circle position in the leafy heart of Mosman village. Freestanding and set on a level 504sqm approx, the double-fronted beauty enjoys a rare sense of space and openness with the park grounds as a natural extension of the front garden and a sunny private courtyard garden at the rear.",74,Close to transport;Close to shops;Close to schools,3,Murphy Residential,Max Wagschall,1168.953115,10,1109.539971,10,10,8,28329,3565500,1340000,576
238,2020652926,https://www.domain.com.au/34-somerset-street-mosman-nsw-2088-2020652926,domain.com.au,2026-08-18T06:00:00Z,"34 Somerset Street, Mosman",Mosman,2088,5300000,2026-04-17,2026-04-17,0,Private treaty,106,House,4,2,2,557.0,index,0,0,0,"Charming Single-Level Federation Home in Sought-After Mosman Pocket. Graced with an alluring facade and deceptively larger inside than revealed by the exterior, this beautiful Federation home unveils character filled interiors showcasing a spacious single level layout with enchanting period features. There's opportunity to extend (subject to council approval) and add value for a growing family or perfect as it is for the downsizer. Imbued with original charm, the",68,Federation;Single-level;Character features;Extension opportunity,4,Vernon Partners,Adam Vernon,1168.953115,10,1109.539971,10,10,8,28329,3565500,1340000,576
239,2020361141,https://www.domain.com.au/11-1a-queen-street-mosman-nsw-2088-2020361141,domain.com.au,2026-08-18T06:00:00Z,"11/1A Queen Street, Mosman",Mosman,2088,1325000,2026-04-16,2026-04-16,0,Private treaty,105,Apartment,2,1,1,,none,1,0,0,"Basking in a prized northerly aspect, this inviting top floor apartment features a light washed design capturing wonderful views over to the city, Harbour Bridge, Opera House and North Sydney for a captivating light show. Exuding a relaxed ambiance, the home features stylish modern updates inspiring an easy care lifestyle in a premier Mosman pocket. Of remarkable convenience, it's a short level",62,Air conditioning;Built in wardrobes;Close to transport;Close to shops;Close to schools;Water Views;City Views;Floorboards;Balcony;Bath,10,Pello Lower North Shore,Titan Davis,1168.953115,10,1109.539971,10,10,8,28329,3565500,1340000,576
